Id,Place,User ID,Location,Resolution,Method,Description,Tweet
1346720407517360128,None,1288232599798808576,üêä,  Mexico,profileplus,De valor enquanto voce tem. A saudade nao tras as coisas de volta.....,Crlh rd Quase me matou agora kkkkkkkkk
1346720407504744448,None,887658871220830208,South Africa,  Republic of South Africa,profileplus,Randburg,@ThatMthoGuy wow 
1346720407487827970,None,1253861764002791424,she,Shenyang Liaoning Sheng People's Republic of China,profileplus,- gwynette, my best girl,@gwyvibez JO AYAW BUMALIK NG MOOTS K HELP
1346720407517233152,None,385199074,Japan,  Japan,profileplus,ICTMan Hua Jia . [Gui tsutekitapasokonrekuchiya] Lian Zai Zhong @Dian Zi Gong Zuo magazin.Dian Bo Xin Wen She desu!Dai Biao Zuo ha[pasokonrekuchiya] [akusesuTan Zhen IHARA] [akusesugaruasukaWei Ji Yi Fa ] desu. mangaTu Shu Guan ZyakindledeDu meruWu moarimasu! Japanese ICT Comic Artist.,@RASENJIN Ming Zuo desu. rasutogaWang reraremasen. 
1346720407496384515,None,32456965,London, England, UK.,  United Kingdom of Great Britain and Northern Ireland,profileplus,Philosopher, psychologist, existential therapist, human rights activist. Seventeen books. Principal Existential Academy and New School. http://www.nspc.org.uk,RT @McaldoAldo: BREAKING: Fishy Brexit fans still not happy. https://t.co/pMqFkBqNTP
1346720407512993794,None,4447756097,Bengaluru, India, State of Karnataka Republic of India,profileplus,Be yourself.  #coading #aayurveda #healthAndLifestyle,RT @DeshBhaktReva: We won't tolerate it any more!#FreeHinduTemples  #FreeHinduTemples #FreeHinduTemples #FreeHinduTemples#FreeHinduTemple...
1346720407504605185,None,1680810048,Vijayawada, India,  Republic of India,profileplus,None,@nandamuripablo Okadu freemake antaduinkodu remake antaduOkadu share lu antaruinkodu kutumbam antaduOkka disast... https://t.co/XB9RcQ2hkl
1346720411711664128,None,351346086,United States,  United States,profileplus,THE RESISTANCE!!  Veteran, former CWA 1101 shop Steward, Never Trumper.We have no choice but to RESIST!!!  Happily Married.,RT @BeverlyBlueWave: @AmericaFightHim Omg
1346720411682295808,None,1252563471901786112,Barbados,GreenLand,  Greenland,profileplus,#khtm_lnbyyn_mHmd,RT @_ZaiN_3: @Ra_jo5 #khtm_lnbyyn_mHmd pr by Hd drwd w slm 
1346720411686469632,None,35670737,Longmont Colorado,Longmont Colorado United States,profileplus,RN, Aspiring film maker,Suicide figures are up. Could 2 followers please copy and re-post this tweet? We're trying to demonstrate that some... https://t.co/Lrcd08xb9A
1346720411711541250,None,1254922599525646341, India,  Republic of India,profileplus,I will trust and love you for a long time.. @BTS_twt ,@OT7myway I am here for a trip
1346720411690659840,None,2250837670,NYC,New York City New York United States,profileplus,Life is what you make it and only people with determination and drive get things done. Consider me a go getter that get's things done.,RT @jfreewright: Please now enjoy my portrait of all the people wondering what James  Comey's thoughts are on anything. https://t.co/aP6Kro...
1346720411686375425,None,3006159589,Perth, Western Australia,Perth State of Western Australia Commonwealth of Australia,profileplus,Animal advocate and political junkie,@MaddowBlog @maddow Thank you #Georgia! #GASEN
1346720415880769536,None,1050205784234237952,eroda,Erode State of Tamil Nadu Republic of India,profileplus,sigo viva grax a @ShawnMendes y @Harry_Styles,me da una lastima el fisura este jsajk se re complica la vida en hablar conmigo wtf pa no te pongas nervioso bue
1346720415876575235,None,1252877322459348992,Mendoza, Argentina,  Argentine Republic,profileplus,De Boca como Roman.,RT @botricotero: Me voy a ir junto a vos bien lejos de este mundo Scaramanzia, cabala de amor virtual
1346720415901577218,None,1186563464099065856,Phoenix, AZ,Phoenix Arizona United States,profileplus,28 / Pan / AZ ~ NSFW account. Gonna split it up like Tumblr.    Taken but open   Minors will be blocked! No one under 18! ,RT @Akumakuma3XL: 10 squirts  That felt good. https://t.co/cSk0WYMijE
1346720415905964033,None,1754641,New York, NY, New York United States,profileplus,Financial, tech, media and other business news from The New York Times.,Toyota Motor's sales in the U.S. were down 11 percent last year, despite jumping more than 20 percent in December. https://t.co/On75rrdswZ
1346720415889170433,None,950916498914148353,chami ü¶å, Dakhlet Nouadhibou Islamic Republic of Mauritania,profileplus, this is SHINee Five and we're right by your side   she / her,@tvxqhoe didn't that acc call jaesu emotional abusers for leaving sm
1346720415889162240,None,3058950457,Kansas City Missouri,Kansas City Missouri United States,profileplus,Retired Police Officer injured in the line of duty and American Patriot. Helping Digital Patriots anyway I can! Go ahead DOX me I don't give a @##$!,RT @RobertVonA: @LLinWood @SidneyPowell1 @realDonaldTrump If Lin inserts his flashdrive of Truth in to Rudy's laptop from hell it opens the...
1346720415905796097,None,1434653065,Seattle,Seattle Washington United States,profileplus,curator/creative for area51galleryclassic pop culture  1950-1999Relocating To New Orleans TBA To Open AREA51GALLERY,RT @HouseFloats: It's gonna be a different sort of Mardi Gras this year, but you can still join #KreweOfHouseFloats and take part in making...
1346720415884914688,None,1039304207973711872,USA,  United States,profileplus,Repulsed by the deceitful dogma of the radical progressive Left... compelled to act, and rally like-minded responsible citizens to PERSIST! MAGA KAG,Sorry, Lying Media...but HERE is the TRUTH 
1346720415910043649,None,930054564220248064,üôÑ,  Mexico,profileplus,2019Nian 1Yue Ban bakaraTwitterwoLi Yong shiteimasu/Xian Zai notsuitoGui Zhi Zhuang Kuang [(Gui Zhi Jie Chu )] ,@bee_shrinegngn Jiu Ji Zhe baachiyaru https://t.co/aFaYJAnOon
1346720420079173634,None,957108643580723200, Main T,Minot North Dakota United States,profileplus,haikyu, madojosa, haeripoteo oeedo manheum, 3D, jjeomodi/ mija / jogeumssig koseupeure jjeuggureu(geim), yeonghwa, aeni an garigo johaham,yojeum ddo seuredige bbajyeogajigo ilgneundesinceonji gwanhan seuredigi issdeora ilggoissneundeuri eomma hananin gyohoeeseo seonggyeongbaeweossdeongeo saenggagna bangbeob jinjja ddoggatda...
1346720420087570432,None,3536073558,Karnataka, India, State of Karnataka Republic of India,profileplus,RTs are not endorsements. Likes are book mark for future reading/follow up.,RT @MeghUpdates: Alleged Comedian Munawar Faruqui Bail plea rejected by Indore Session Court
1346720424294559744,None,1286670118865514496,Los Angeles, CA,Los Angeles California United States,profileplus,boop boop boop,bon il serait peut-etre temps de trouver une source
1346720424277794816,None,756146593926029312, ,  Mexico,profileplus,shinashinaXie Ye Cai  Chuo Che Fu Shi Dan Ge noruma72000,RT @ikkojika_b: Xian Ri Zao Zhao niShui Zu Guan niXing tsutaraikagamadaQin tete, ikatsutechiyantoMu wotsubutsuteDi Mian niQin sobetsutesuyasuyaQin rundana......ikakawaii......suyasuyaikanonuigurumiZuo tsuteYu shii......( VoV ) suyaa... https://t.co/4xNujgbIfs
1346720424298766340,None,1067513820833374213,Houston, TX,Houston Texas United States,profileplus,Texans Astros  Rockets  Badgers  Kevin Gates ,RT @maknojia_zain: @DeGoatWatson @TexansTrash @deshaunwatson #FireEasterby
1346720424302927873,None,1343794934734860288,Provo, UT,Provo Utah United States,profileplus,KENMA:  "Kozume Kenma" means e-baby and kitty energy,@illumisneedIes morel biskey
1346720424269213696,None,2332448166,Long Beach, CA, California United States,profileplus,Fuck 12,RT @villaa_daniel: i don't ask for much but can you guys please retweet this and spread awareness to get this fuckers face everywhere? He k...
1346720424286031873,None,1087870110637875200,India,  Republic of India,profileplus,Proud Sjian since QH This is the least way that i could do to show my appreciation to my queen Surbhi Jyoti.,RT @SurbhiJadmirer: OnE Og' THE LOVLIEsT sOngs Og' THE YEAR gOnE BY ...@SurbhiJtweets @BarunSobtiSays @gulenaghmakhan @gorkymax @Vish...
1346720428467712002,None,1260586194393460736,Japan,  Japan,profileplus,tidak menerima ++ apalagi --,Yatuhan
1346720428459499520,None,2358677859,Mendoza, Argentina,  Argentine Republic,profileplus,Sonador. Laburante. Renacido. Un hombre de familia que trata de descular los codigos de Twitter.,@discosdejazz Apetito por destruccion de los Gun s
1346720428459393024,None,423120276,Sacto, California, California United States,profileplus,If I can keep my sense of humor, I can survive. Reader,writer,occasional actor,tv watcher,theatre goer,drinker,movie buff, & Howard Stern fan. You know - a slob,@QueenPhillippa With that accemt lying she's from Utah 
1346720428459511809,None,1240474611516682240,Dallas, TX, Texas United States,profileplus,A1 Since Day 1 ,@octlilly__ I remember you told me a week ahead babe lol hush I love you
1346720428476170240,None,9144562,cali,Cali Departamento del Valle del Cauca Republic of Colombia,profileplus,Born and raised in Chicago, Il, graduated from U of Illinois, a Co-Founder and Producer at Elder Productions, a company I have with my dad.,RT @voxdotcom: BREAKING: Jon Ossoff is projected to win the Georgia Senate runoff, defeating Republican David Perdue, per @DecisionDeskHQ....
1346720428467900421,None,1182255301388591104,South Africa,  Republic of South Africa,profileplus,No meetups | Onlyfans verified| DM to buy content. PayPal only| $20 unblock fee |https://onlyfans.com/robynndabank,RT @DarkHazel666: Thank you for 20k in advance!!!  https://t.co/wBd623fXsJ
1346720428493045760,None,993379718673158144,Atlanta ,Atlanta Georgia United States,profileplus,introvert , future trauma nurse ,Yesss Lawd the face , the voice, everything for me
1346720428471906312,None,847662519707512836,Indonesia,  Republic of Indonesia,profileplus,,I'm crying now but i don't know why i'm crying 
1346720428463632385,None,311987139,‚àû,  Mexico,profileplus,ds >= 0,RT @Redistrict: It's tempting to put it this way: Perdue/Loeffler embrace of Trump in the runoff phase of #GASEN may have alienated suburba...
1346720428459315201,None,89555314,Konya, Konya Republic of Turkey,profileplus,Journalist and Editor,Ocak ayi burs ve kredi odemeleri basladi https://t.co/k3keNYd8qo https://t.co/PfNfv8I9dm
1346720432678785026,None,929199960,Bandung, Indonesia,  Republic of Indonesia,profileplus,what are u lookin' for?,Hobi kok salty-in orang. Get a life atuh ih kasian keliatan gak bahagianya teh :(
1346720432670593024,None,1085622547834650630,Tacuaremb√≥, Uruguay,  Oriental Republic of Uruguay,profileplus,primero Penarol y despues tambien.,RT @pyrorivarola: conseguite un arbitro porque te voy a hacer falta bb
1346720432662085633,None,75742005,Indonesia,  Republic of Indonesia,profileplus,Media Online Jual Beli Anjing. Data Iklan selalu Baru dan Fresh Setiap Hari.,(di Jakarta) Jual Red Toy Poodle Stb Vaksin 2x https://t.co/nKbD3Agw6E
1346720432691556358,None,1252563471901786112,Barbados,GreenLand,  Greenland,profileplus,#khtm_lnbyyn_mHmd,RT @fareed_safdar: y #khtm_lnbyyn_mHmd khd n lw gwN pr l`nt khry jn khw GlmwN khy sth khhny sy nkhr hy myrlmwmnyn sydn HDrt `mr...
1346720432666398720,None,438586887,Michigan, USA, Michigan United States,profileplus,Make The World Great Again!!! Patriot MAGA WWG1WGA KAG 1stAmendment FreeSpeech 2ndAmendment RightToBearArms,RT @realDonaldTrump: If Vice President @Mike_Pence comes through for us, we will win the Presidency. Many States want to decertify the mist...
1346720432657874945,None,1322009490334470145,NY,US,  United States,profileplus,Classic' - a book which people praise and don't read.,Mobi Download Free The Possessed: Adventures with Russian Books and the People Who Read Them -&gt; https://t.co/i5ewoTdUx8
1346720436852318214,None,1136732341605470208,Rio de Janeiro | üè≥Ô∏è‚Äçüåà, Rio de Janeiro Federative Republic of Brazil,profileplus,* @filiperet | * @vascodagama,@calabocabia_ @insta_acabar KKKKKKKKKK
1346720436856320000,None,777402252,Chiba‚òÜ, Chiba-ken Japan,profileplus,satasumawomiteSMAPnihamarimashita. sumasumahaChu Hui karaJian teta!Shen Wu Dan 20Nian Mu arasanoiiDa Ren huoroDa Huan Ying SMAPnoShen Wu gaHao kideshita. arigatoukorekaramoWan Zhang tsutekudasai. ,[(Ding Qi )] SMAPtoLan niQie Shi niGong Yan shitehoshii( ;;)chiyotsutodemoiikaraLuo ndekudasai!!
1346720436860706816,None,725340943067545600,Republic of Mozambique,  Republic of Mozambique,profileplus,Some dude who knows tings,@MollerMz the devil is in the details
1346720436873285633,None,1089389592090943493,Domiat, Egypt,  Arab Republic of Egypt,profileplus,wllhi fy lshdy'di rHmtun wknt ly luTfhi lkhfy  " dentist  su kantar,@rahma_zakariaaa yl n jhzh
1346720436881645568,None,4077310661,Potiskum, Yobe state, Nigeria,  Federal Republic of Nigeria,profileplus,Am not a bad boy neither a womanizer, just love beautiful women with good heart.,@hajjahaauwa Ok wait, babe u not trust me ba!
1346720436877291522,None,1290173029234819072,üáµüá≠,  Mexico,profileplus,#GOT7  #IGOT7 she/her *tuanzy* #MarkTuan XCIII *7 or NEVER*,RT @jhingness: Still trending and GOT7 almost at 1M tweets today because Yugyeom woke up and decided to unleash chaos on JB's birthday http...
1346720441055010818,None,1182533937391980544,Milwaukee, WI,Milwaukee Wisconsin United States,profileplus,None,for all of my pretty And all of my ugly too I'd love to see me from your point of view
1346720441063378945,None,927789101042020354,Iraq,  Republic of Iraq,profileplus,lGrq fy dhth tw'dhyh nsm@ brd@ tmr jnbh wlGrq fyk y llh lyhzh brkn!  lHsb ,RT @bentalemaratt29: "  mnzlk,fy,`rsh,rwHy  un
1346720441075789824,None,540055238,Thailand,  Kingdom of Thailand,profileplus,aemsediiywmaa,RT @bmntbii: muengwakhchiincchaak sinovac aimmii`y.praethsaihnainolky`mrabelyykewnaithy ;__; khwyyyyyy
1346720441071665152,None,1107073455113932800,Indonesia,  Republic of Indonesia,profileplus,Don't think too hard, just have fun with it,@txtdarihimitis Aaa... Makasih lho bikin mewek
1346720441075965954,None,188872652,Nigeria,  Federal Republic of Nigeria,profileplus,Download Transparent Calculator on Google Play store or click https://play.google.com/store/apps/details?id=com.mactech.transparentcalculator,RT @cchukudebelu: I remember when Abdulkareem Adisa (he was works minister then), visited Nnewi. He was at a particular street which wasn't...
1346720441059188736,None,930767762808623104,England, United Kingdom, England United Kingdom of Great Britain and Northern Ireland,profileplus,A good Imagination Is A Sign Of Great Intelligence !,RT @HouseOfFels: I do hope that those looking for jobs find one
1346720441063370752,None,1269355974906740744,United States,  United States,profileplus,Get the latest information About, World, Bollywood to Hollywood, Tech News, Sports, Entertainment, WWE, New Mobiles launches, and Many More,Know How It Spreads To Humans, Symptoms And Treatment Options From Expert https://t.co/Rw0FkGHBOo
1346720441063231488,None,2966119092,Bangalore , India,  Republic of India,profileplus,None,RT @PraYashbossfan: Hey hey ii I got reminder from, @excelmovies @TheNameIsYash @Karthik1423 @hombalefilms @prashanth_neel @SrinidhiShe...
1346720441075863553,None,364665086,Dreamville, CA, California United States,profileplus,None,RT @_jennnsss: Me  with @agsandre3 and @piwnation
1346720441080143873,None,16166034,Atlanta, GA, Georgia United States,profileplus,In the end, we will remember not the words of our enemies, but the silence of our friends. MLKJr #Biden2020 #RESIST, African#FBR #ANTITRUMP,@mrs_hawaii @wisdom_native @hannahpbo @fatanddumb77 @NanaWearsAMask @Jessica_S_Lane @Sweetmissmaggy @LoriGale13... https://t.co/3HerUR9T1G
1346720445236539392,None,2755095146,Mumbai, India,Mumbai State of Maharashtra Republic of India,profileplus,I am lil carzy! But love @akshaykumar @kkundrra @Kritika_Kamra super crazily! Love to live my life in my own way! #DogLover #CricketLover #Shuttler ,@arjuhi__4life I'm in college only.. dekho maine yahi likha hai ki college khulne wale hai
1346720445245124609,None,899648426823958528,Buenos Aires, Argentina,  Argentine Republic,profileplus,17. River Plate,RT @cositodelabic: Yo: El universo tiene algo planeado para mi El universo: https://t.co/3AW3S9G38e
1346720445253492736,None,1213022613930303490,Tirol, , Tirol Republic of Austria,profileplus,#Weltburgerin #SchonesTirol #imUnruhestand, #Solidaritat Politik, #nonazis #Umwelt #KlimaJeder Tag ist einen Versuch wert!,@Newjockey1 Doch, wir haben's gern gemacht, zumal es damals ab und zu was gutes Susses gab. Das war in meiner Kindhe... https://t.co/qBjd9JxFg3
1346720445257687040,None,1241316383281098753,Atlantis ,Atlantis Western Cape Republic of South Africa,profileplus,In God we trust | mapotitaEmaOT | Truth WILL prevail, have faith - freedom - ik blok schapen - NO DM ,@OrdeVanRode Nee.
1346720445245108224,None,164254434,London,London England United Kingdom of Great Britain and Northern Ireland,profileplus,Prof @RHULGeography/Director of Research. Fellow @AcadSocSciences @BAS_News and @RCGS_SGRC. Trustee @RGS_IBG. Editor @regstud Tweeting in personal capacity,RT @thehill: JUST IN: Democrats looked set to take control of the Senate Tuesday, as they closed in on a stunning double victory in run-off...
1346720445270282241,None,1162108665282867216,üåç,  Mexico,profileplus,None,https://t.co/OvxqYsFNuf
1346720445270286337,None,95632468,Denton,TX, Texas United States,profileplus,Jersey born & raised. Fab vocals; fierce friend; loyal lover; LIST; #Pride ; USArmy Vet;#StillWithHill,RT @RonaldKlain: On Jan 20, the US will rejoin Paris, DACA will be restored, America will have a new COVID plan -- and more -- and that's jus...
1346720449447809024,None,1121158054177910784,Atlanta, GA, Georgia United States,profileplus,not interested.,RT @brayylon125: IF YOU KNEW HOW MUCH I DONT FUCK WITH NOBODY, YOU'D APPRECIATE HOW MUCH I FUCK WITH YOU
1346720449443622912,None,1288740953679855616,Lagos, Nigeria,  Federal Republic of Nigeria,profileplus,money & women are my priorities  / Entertainment Businessman ,RT @vinz6199: Life was good when Davido and Olamide dropped this  They are top 2 regarding the GOAT of Nigerian musichttps://t.co/BHT6dEj...
1346720449435209728,None,2250654464,Anambra State, Nigeria,  Federal Republic of Nigeria,profileplus,Medic | Affiliate Marketer | Traderian | Abalukwu |Manchester United Fan | Gemini ,@justolubambo @isla_sparkles @lingo11_eco @o_nye_bu_chi @Mohnice_ Omo. This delusion is real. I'm done here
1346720449443500033,None,104312486,San Francisco, CA,South San Francisco California United States,profileplus,Opinions are my own. Likes are not necessarily endorsements. Bots need not follow me, as I will block each of 'em.,RT @HamillHimself: Couldn't agree more, Rachel. Steve is the absolute master of his number-crunching domain &amp; riveting to watch. He also sh...
1346720449447813120,None,785462626574893056,France,  Republic of France,profileplus,Delegue general @Cigrefmembre @CSNUMPOSTAdm @FemmesNumeriqueVP @CHECyberespace#numerique #TransfoNum #cybersecurite.Twts & Rtwts n'engagent que moi,Si vous passez par hasard au Conquet - meme si je sais bien que ce hasard est improbable - arretez-vous a la bouqui... https://t.co/8N8B2V9qGu
1346720453629341696,None,995454574793183233,Seoul, Seoul Republic of Korea,profileplus,I{*--->> fan account @bts_twt <<---*}I| Fangirl yang berambisi menjadi rich fans *  *,RT @masmasjawabgt: Giveaway 1 dus indomie atau 1 dus susu atau saldo 100rb- Follow saya dan @iraaaiueo - RT, Like ini- Rep mau apaE...
1346720453629534208,None,2482835310,Baltimore, MD,Baltimore Maryland United States,profileplus,None,RT @nachochima: Test Peoples Honesty Before You Consider Trusting Them
1346720453625307137,None,2543336792,Derbyshire, England United Kingdom of Great Britain and Northern Ireland,profileplus,Cornishman, Open source software advocate, I.T. Contractor, Travelling Bodyboarder, Outdoorsy type and Crypto/Bitcoin expert.,@DominickJones7 @LondonRealTV You won't find sense where there is none.  Be careful not to get sucked into shouting... https://t.co/lMANZF9QU1
1346720453663059968,None,701625216,South Africa,  Republic of South Africa,profileplus,South Africa's #Entrepreneurship information centre |Use #SayEntrepreneur to advertise#PutSouthAfricansFirst  ,Don't be surprised if the majority of these people at Beitbridge are employed in SA while millions of South African... https://t.co/VzsfZCAKgr
1346720453629362176,None,828140013607145472,Hyderabad, India, State of Telangana Republic of India,profileplus,15| Start-up and business junkie | love to read nd research and put it up here,Hyperinflation - when a country experiences a monthly inflation rate of over 50% or around 13,000% annual inflation... https://t.co/mA5j6r0Z6x
1346720453641949184,None,950721798902972417,India,  Republic of India,profileplus,Providing Marketing Solutions , Design Solutions and Business Development Management for business,product and individual.,#Manage Your Entire Marketing #Budget ?https://t.co/of8BD7xZ4n  with regards,#2Do #Marketing #Solutions@HubSpot https://t.co/0gDuuV6Q5x
1346720457836220422,None,231255049,Indonesia,  Republic of Indonesia,profileplus,97line Baby Bird +62 IGOT7 ,Ini ribut babget di rl...Ini ada apa tiba tiba got7 trending?? Yugyeom why??Dm me please...
1346720457828012032,None,455392322,Hamburg, Free and Hanseatic City of Hamburg Federal Republic of Germany,profileplus,None,RT @IrenaBuzarewicz: https://t.co/ktrBz3JRl7
1346720457819631616,None,3138552300,Baton Rouge, LA,Baton Rouge Louisiana United States,profileplus,None,RT @daluhhbaby: STAY SINGLE IF YOU LOVE HARD!! People don't value that kinda love anymore.
1346720457857220610,None,139232307,pachuca,Pachuca de Soto Estado de Hidalgo Mexico,profileplus,,RT @muyinteresante: Las ultimas investigaciones pueden servirnos de guia en esta importante tarea. https://t.co/loph6owyEX
1346720457823817729,None,1323890136539525123,Indonesia,  Republic of Indonesia,profileplus,Tiada Kata dan Doa yg indah kecuali Doa Ibu..Rawat dan jaga selalu NKRI ..Bersahabat buat semua Sobat #MerahPutih ,@Bang_Rayhan049 @SETYAKI22965702 @MataNazwa @NajwaShihab nah kan, coba ngeles gimana lagi nanti, 
1346720457819611136,None,419084956,New Orleans, LA,New Orleans Louisiana United States,profileplus,I am abstract,How does this work in real life though
1346720457836220423,None,998610088783888385,Las Vegas, NV, Nevada United States,profileplus,None,Quan Shi Jie Zhen De Yao Zha Guo Liao 
1346720457832103936,None,1246844311339028480,Victoria, Australia,  Commonwealth of Australia,profileplus,"BABY I AINT COMING HOME"-PlugBando Stuck in @Ibanjy basement,#NewProfilePic https://t.co/r5ZUcRefsB
1346720457836302336,None,352181609,Long Beach, CA, California United States,profileplus,23* CSULB Alum *Scorpio *rave boy * sc: isaac_corona * wuss poppin??,@chechaaniee https://t.co/Cq7zmsNGvE
1346720462018125825,None,232202108,United States,  United States,profileplus,We Believe People & Companies Can & Should Do The Right Thing & Hope Our Info Helps You & "Them #tech #karma #covid19 #coronavirus,RT @ananavarro: The misogynist, racist President and his cowardly accomplices in Georgia were beaten in no small part because of Stacey Abr...
1346720462051700736,None,2420748068,Chile,  Republic of Chile,profileplus,!Periodista! Patagon  Birrero  Ceratiano Bullanguero Tenista  En caso de emergencia, mi grupo sanguineo es IPA,RT @vagoilustrado: Diputados y Diputadas acaban de rechazar ("Chile Vamos" en bloque) que desde la etapa escolar (basica y media) a los nin...
1346720462013751297,None,3308483750,UK, US, Australia mainly.,  Commonwealth of Australia,profileplus,Enviro; pragmatic; #ClimateCrisis; we may be able to get away with selective degrowth; improvement in technology is important; social democrat.,RT @DrChrisClack: Just a timely reminder, we can solve #ClimateChange. We only need two components for removing all #energy #emissions. The...
1346720462013935616,Fairfax Station, VA,118178779,Washington DC,Washington District of Columbia United States,profileplus,Zambian/Gooner ,
1346720462030700544,None,2948810285,Karachi,Karachi Sindh Islamic Republic of Pakistan,profileplus,Ali as Wird e Zaban e Mann             IG:Munzzay,RT @azharkhn4: Meanwhile in #Karachi today. https://t.co/Z8VXeb7yQq
1346720466220695553,None,881188837824778240,Bangkok, Thailand,  Kingdom of Thailand,profileplus,HoHo CHAMM,RT @TheFreakies: muengchwyaihkuur`ngaihephraaaruukhaawkachechnkabkhaayaihnthang7khnainwanediiywelyaimaidrueaing`iiehiiyy pl`ymaathiilakhnaicchkuucchaslaay`yuuaelw kuuth...
1346720466212417546,None,2597677010,iran,  Islamic Republic of Iran,profileplus,dr khmwshyhy mn, frydhst ...!(bk=flw),@Golrokhbano hmyn pyyn hm mwZb khwdt bsh
1346720466245877760,None,1011214464505430016,Bangkok, Thailand,  Kingdom of Thailand,profileplus,ch`b`aanewbtuun,RT @mporbk: duuruupekhaaaelwainhawkphuudwaa 'duuyimnandi thamaingdiiwa'
1346720466229100549,None,1255751986517024769,Manendragarh, CG,  Democratic Republic of the Congo,profileplus,Simple but significantNo DMs plz                                              Neither a bhakt nor Anti nationalist. @arjun_kanungo  #Fanungo,RT @AnkitaKakkar: Seeing trends like #RemoveUsFromScheduleCaste really the best change.#NoReservation
1346720466241691648,Mongolia,1049866446,Mongolia, Inner Mongolia Autonomous Region People's Republic of China,geoname,Ezen khicheevel                                 Zaiaa khicheene,Saikhan tsag irne onzhood khemnelt khiikh n' zov shuu
1346720466245988353,None,1257714253152296965,Ohio, USA, Ohio United States,profileplus,Mastering the Illusions All Organic NonGMO Pro Human Pro Life                  Homeschool                        ,There's truly something to this micro/macro thing. When you think of earth and space, think of a woman's womb. I di... https://t.co/cxZRUCPVj5
1346720470410821632,None,894451935725600768,üê∞,  Mexico,profileplus,PUBG'M clan reader{Log*} akauntokoreShi u,@NAO_Link8 naruhodo, ziyairoShi tsutenaiPu karashitaraFen karanaiShi Jie da
1346720470402359304,None,786319102721728512,Bali, Indonesia, Provinsi Bali Republic of Indonesia,profileplus,None,@ayudiantrn Gak lah 
1346720470414938112,None,890267083,MALAYsia üá≤üáæ,  Malaysia,profileplus,manner maketh man | onepiece fanboi uwu              ,@hannangojes u lost ur virginity already?
1346720470431895552,None,3304651132,‚Ä¢ Chicago ‚Ä¢,Chicago Illinois United States,profileplus,NONSTANDARD... * booking/inquiries: dejmonaemusic@gmail.com *,RT @raullgto: is this too much to ask for?  https://t.co/J3DAkeHYql
1346720474600857606,None,1314564288732827651,indonesia,  Republic of Indonesia,profileplus, |going  to love for #nct more to than the infinity.  * .+    Hal Welcme    ,RT @jaaslm: Foto Moon Taeil yg bikin asdfhjklhldjslA thread ***
1346720474622013442,None,1334653574043873281,üá∏üá¶üá∞üáº,  Mexico,profileplus,llhum 'rHm jdy wl tuTfy' nwr qbrh.,@Qm55_Q8 @IrogarQ @Jarrah_19 @6mdx_ @5lix_20 @Qm55_Q8 tklm yl
1346720474626224133,None,189794226,israel,  State of Israel,profileplus,mty npsyq lrAvt AnSHym `m mskvt bAmTS` hy`r,@zahnya1000 mSHhv bbqSHh ykvl lSHAvl At drvr mbvrk Am hm kbr Aspv At kl hAnSHym lnysvy SHlhm? hyh lhm b`yh lmTSvA mtndbym
1346720474596855808,None,1252563471901786112,Barbados,GreenLand,  Greenland,profileplus,#khtm_lnbyyn_mHmd,RT @mEhR_HeRe: #khtm_lnbyyn_mHmd#khlfy'y_rshdynbwbkhr Sdyqkhlyfh wlhyjb tkh myN llh wr s khy rswl khy T`t khrwN tm myry T`t khrw...
1346720474605252609,None,1542257353,United States,  United States,profileplus,Who am I? An entrepreneur who believes in this motto. DREAM BIG. WORK HARD. HAVE FUN! Streaming and gaming are my hobbies!,Another short Stream &amp; Straight up focused! No Cam Today :( https://t.co/JKfnVNb7yH
1346720474601029632,None,1058292465235582976,Karachi, Pakistan,Karachi Sindh Islamic Republic of Pakistan,profileplus,#instagramhttp://instagram.com/yaseen_tweets?...Follow for follow back,Worried...  : Alchol           : Namaz https://t.co/1xspnNNTs8
1346720474630414342,None,22204407,Los Angeles, CA,Los Angeles California United States,profileplus,NEW SINGLES! Champagne Jack & Matching Tattoos OUT NOW! https://linktr.ee/genenoble/* IG:@iamgenenoble * Contact: foreground-ent@globestone.media,
1346720474626191361,None,1023798023174991872,Magic City,Anacortes Washington United States,profileplus,U.S. Army| Stay Dangerous.,Of course I wanna see it, But you still gon send me one so I can stop lookin at this everytime u hit my phone.... https://t.co/k7XBJshhzX
1346720478799552512,None,810708618706350080,Sarasota, FL,Sarasota Florida United States,profileplus,None,RT @xslynnc: ion got no trust but i'll play it so good like i do so it's my fault if we don't make it
1346720478803718144,None,1340524746996207616,India,  Republic of India,profileplus,aami anny kichu ni,@ColorsTV @RubiDilaik Kh...We are leading  From Yesterday!  We want Result!!!!#BBTrendMasterRubinaDilaik
1346720478807945218,None,261524024,Mexico DF,Mexico City Ciudad de Mexico Mexico,profileplus,KARMA EL JUSTO ,EL PODEROSO #LEY DE VIDA #TODOESUNIVERSAL  #PIENSACONLOGICA #RAZONACONAMORSigan mi pagina de IG @high_level_00,Necesito una rosca de cholos
1346720478799351810,None,65868124,philippines,  Republic of the Philippines,profileplus,gadgetholic...,RT @GoldenDisc_en: The 35th Golden Disc Awards with #CURAPROXD-3! Which 35th Golden Disc Awards performance are you most excited for?...
1346720483010510848,None,149597715,Fukuoka, Japan,Fukuoka Fukuoka Prefecture Japan,profileplus,#ios #python #swift #whisky #cat #curry hetsudaha @kani_zaurus sanyori. Mao toTong Ju . iOS yaJi Jie Xue Xi nooShi Shi nado. Mao Hua Xiang deYou ndemasu. gemuGuan Xi hakochira @mitsuse_g (Splatoon2 - paburodainamoZAP Shi i),Tong Chang Zhi Zhao tokashinaindesukedo, amarinikomiyunikeshiyonniWen Ti sugiteuntoYan uGan zideshitaga, Yi Tong riZi Fen noRen Shi wobunTou getanoto, Yi Fang Liang iYu Ding gaMai matsutekitakotodedoudemoLiang saChu tekita
1346720483006238720,None,1190954939427606529,India,  Republic of India,profileplus,Berozgor,RT @Elizatweetz:  Go And Screw Yourselves! Mitron! Atmanirbhar Baniye...
1346720482993737728,None,118622559,Erode, India,  Republic of India,profileplus,Engineer by Education, Software Test Engineer by Passion. Tweets are completely based on my personal views & opinions.,RT @BloodDonorsIn: #VelloreNeed #Blood Type :  B-positiveAt : Cmc velloreBlood Component : BloodNumber of Units : 2Primary Number : 83...
1346720482997936130,None,827704064955731972,Los Angeles, CA,Los Angeles California United States,profileplus,is it over yet?,RT @AutumnChiklis: My mom in 2016: What is a "majority leader"? Mom in 2021: It looks like the most populous counties are counting their...
1346720482993688576,None,1218446199075659776,India,  Republic of India,profileplus,CA/CMATeacherSidheart/Sush fan forever  lord Shiva devotee ,RT @AdityaagupGupta: #PenaliseSSRKillers does anyone know who this man was? @ips_gupteshwar @ips_nupurprasad https://t.co/ea7Rauiexz
1346720483002249217,None,1194247594517643265,Los Angeles, CA,Los Angeles California United States,profileplus,21 y/o blasian princess * 18+ only  subscribe to my onlyfans for all my explicit content ,RT @paigieebabiee: My OnlyFans is Free https://t.co/DMZ4dKDXbX https://t.co/soWTMp7TJd
1346720482985353217,None,1306086276450275328,India,  Republic of India,profileplus,Here Only For SSR The only  God's Child ..  Warriors4SSR Justice4SSR,RT @JusticeForOurS4: We r fighting since only 7 months.Yeah?&amp; see who angry we r !But have we ever thought about that mother who is suf...
1346720483002220544,None,2844957562,United States,  United States,profileplus,None,RT @aravosis: Trump supporters are attacking the DC police at this moment. Who's Antifa now? https://t.co/ZYIUUx8a80
1346720483002048512,None,1175018494955417601,:D,El Oued El Oued People's Democratic Republic of Algeria,profileplus,Still wrapping my head around the mcyttwt.... // layout by @SAD_istfied,RT @collapsiblelung: all he does is sit and look pretty and you know what??? good for him. https://t.co/YNpU3tS7Cj
1346720487213293568,None,56323086,Rio de Janeiro, Rio de Janeiro Federative Republic of Brazil,profileplus,Se eu quisesse fazer amigos tava em feira geek fazendo cosplay, eu to na internet e pra ser odiado mesmo,Me preparando psicologicamente pro dia de hoje
1346720487213174785,None,927576408850710528,San Diego, CA,San Diego California United States,profileplus,All lives cannot matter until BLACK LIVES MATTER!!! Likes/RTs do not equal endorsement.,RT @ClintSmithIII: To her credit, at every turn Stacey Abrams goes out of her way to say that this wasn't just because of her. She tells fo...
1346720487204937728,None,395243855,Coswig,Coswig Saxony Federal Republic of Germany,profileplus,Ist ein Profil uberhaupt ein Profil ohne einen kantigen Spruch auf Latein?Satyrenaccount, #NieMehrCDU Avatar @BlueHunterART,"Baden-Wurttembergs Ministerprasident Winfried #Kretschmann will Grundschulen und Kitas im Land vom 18. Januar an u... https://t.co/7tJEEJ0xvc
1346720487183970305,None,952160354,Accra, Ghana, Greater Accra Region Republic of Ghana,profileplus,Civil Engineer..Trumpeter// Manchester United || Love Conti ..Old Tom'12...NBA freak ( Dwyane Wade) *CR7* Nima Boy with a broad smile..Patience = virtue,2: All things praise Thee; night to night Sings in silent hymns of light; All things praise Thee; day to day Chants... https://t.co/FAyx86NfOd
1346720487209119745,None,988334784,Riyadh, Riyadh Region Kingdom of Saudi Arabia,profileplus,SHfy s`wdy mt`wn fy SHyf@ #lqtSdy@ | bklwryws lSHf@ wlnshr llktrwny mn @CMCimamu | Sn` mHtw~ fy mjl l`lm lrqmy w #l`lqt_l`m@ #Hsb_shkhSy,lG@ <<lqyd@>> fn yudrs, dy'man <<Hbyb>> #mHmd_bn_slmn #tmym_bn_Hmd https://t.co/QAjLAIQ7nV
1346720491373879296,None,1225299096182771712,Pinang, Malaysia,  Malaysia,profileplus,02's,@ellL0PfoM0EqelS Jia Liao 
1346720491399122945,None,14479436,Los Angeles, CA,Los Angeles California United States,profileplus,American, feminist, anti-racist, mom, soccer player, Democrat.,RT @crusherbort: looks like Kelly Loeffler will be doing outsider trading from now on
1346720491386466305,None,845763986,...thailand....,  Kingdom of Thailand,profileplus,Cassiopeia keep 5 Tvfxq love forever , slave love@kimjaejoong love u ^^[......I'm support YUNJAE.....],RT @hpsbzv: khidwaachaatiniinaacchaosdyaaw+cchntaay`a ephraaaruutawwaaaichchiiwitaidnaaebuue`maak naacchaaimmiikhnekhaathuengla 55555555555555555
1346720491378102274,None,790927099796320256,Yogyakarta, Indonesia,Yogyakarta Daerah Istimewa Yogyakarta Republic of Indonesia,profileplus,#sana#jjeuwi#teuwaiseu  |#gimminju#ganghyeweon #aijeuweon|#yerin #yuju#yeojacingu,RT @TheKpop: sajin jjigneunde wae ireohge gwiyeobjjing....?ibbeugo sarangseureobgo maeryeog neomcineun nako X caeyeon#KPOP #THEKPOP #THESHOW #deosyo #aijeuweon #IZONE#nako #caeyeon #WIZONE @official_izone https:/...
1346720491390685184,None,1005648780,Thailand,  Kingdom of Thailand,profileplus,None,RT @WithidaJangdee: panethrnaiholkruuwaaeraaccha`yuukabkhrissingotesm` #EFMFandomxPeraya https://t.co/hDMSOsYQOo
1346720491386458112,None,739151834204360704,Bangkok , THAILAND,  Kingdom of Thailand,profileplus,thaakaaremuue`ngdiibatrkh`nesirtkaekhenginth`n,RT @scarlet_jeonjk: @Maliwankhwa thaacchamaimphidkhaayniiphuukphanthkabaithymaakaichaihmkhaodyechphaaaceoely
1346720491407597573,None,1336038663294226436,Nyamasheke, Western Province Republic of Rwanda,profileplus,ve on Top,@Linda_Ayugi @aishalee02 Good morning
1346720491394908160,None,1231227380431228929,India,  Republic of India,profileplus,FAN ACCOUNT for #ASTROFollow @ArohaIndia & @IndianAstrohaDebut- 2/23/20161st win- 1/29/20192nd win- 5/13/2020GAA & Bonsang- 8/13BadIdea 1st win- 9/22,RT @CJnDrama: caeunuyi mungayeong meori sseudamsseudam,,,nuneseo ggul ddeoleojineun jungjajongam hoebog romaentig komidi [yeosingangrim]1weol 6il [su] bam 10si 30bun tvN 7hwa bangsong#tvN #sumogdeurama #yeosingangrim#mungayeong #caeunu #hwanginyeob #bag...
1346720491399225344,None,917591228,United States,  United States,profileplus,Thank You Al Gore for the Net,@Nooksy123 @Canadia73281089 @KelseyS31077204 @ZachBoychuk @Avalanche I have to raise my hand, I have been a nonvote... https://t.co/s9En9eCteL
1346720491395047424,None,1256815595049410560,Brasil,  Federative Republic of Brazil,profileplus,vi o anime do pirata que estica e adotei o pirata que estica ela/dela - she/herLetras, USP19, SP,oh nothe bis are at it again https://t.co/dHXCSxgI1S
1346720495576576000,Cuernavaca, Morelos,1215493873121792000,Iguala de la Independencia, Gu, Estado de Morelos Mexico,geoname,Trans   Guerrero, Mexicohttp://www.instagram.com/italia.ocampo,Alguien que me pueda conseguir un toque de fe   por aqui #Centrocuernavaca #Cuernavaca #Morelos #420life
1346720495580966912,None,1342169136496054273,Tehran, Tehran Province Islamic Republic of Iran,profileplus,Tir,@crackbanoo khy?
1346720495601913857,None,1135413438866501632,üá≤üáΩ,  Mexico,profileplus,:(:,RT @marinaraduu: quiero ser la version mas sana, bonita y amable de mi misma este ano
1346720495589335043,None,763547340376465409,Mexico,  Mexico,profileplus,Hice un rol de pendejo hace mucho y asi me quede||DD ||Cein || MoniLover  || Soaringcito || @orreSmurf,@MonicaFl_ mato a ken y lo esta usando del traje? se me cayo un idolo 
1346720495572422656,None,1335897427992166403,Turkey,  Republic of Turkey,profileplus, +  = ,RT @iskokayabeyli: 45sevgin nefes BerkerGuven #BerkerGuven #IskenderKayabeyli
1346720495593541632,None,2230288797,Delta, Nigeria.,Delta British Columbia Canada,profileplus,sipping henny from a tea cup.,RT @manlikefidds: @TheGreysolace happy new year. Miss you bro
1346720495589232644,None,960671713,Bengaluru South, India,  Republic of India,profileplus,None,@rnadxb Brave boys !
1346720495593541635,None,1142525842012221440,Calabasas, CA,Calabasas California United States,profileplus,RIP Prime Zuckersohn Marz 2019-August 2019,RT @Hoodville_: Prayers up to Dr. Dre. 2021 doesn't need to start with this. https://t.co/NKaKWp8LgV
1346720495601901568,None,250750630,Brooklyn, NY,Brooklyn New York United States,profileplus,HRC, NDP & Auntie Maxine 4ever cuz I a smart bitch who DGAF. #BLM #BidenHarris2020LFG! http://www.vote.org,Oh man, I really need to go to sleep, but can't look away. Come on, Ossoff! I will try to sleep, dream good dream... https://t.co/FxuBrXZjiW
1346720495576768512,None,1304379759367868417,Perak, Malaysia,  Malaysia,profileplus,goeth and screweth thyself,1. Ariana Grande2. Dua Lipa3. Zara Larsson4. Bebe Rexhaim a mainstream hoe and that's ok.
1346720499783577600,None,1113461569613123584,El Salvador,  Republic of El Salvador,profileplus,None,Mi mood ahorita: Los caminos de la vida no son como yo pensaba como los imaginaba, no son como yo creia
1346720499796066305,None,315334890,Bekasi, Indonesia,  Republic of Indonesia,profileplus,I work with #WordPress, #BuddyPress & #bbPress. Human being!,Baca Manga Bahasa IndonesiaSuccubus ni Tensei shita node Milk wo Shiborimasu https://t.co/Z0DLlOmzqQ
1346720499771039749,None,3281419626,Jaipur, State of Rajasthan Republic of India,profileplus,IM PHENOMENAL,RT @AshokShrivasta6: itne laakh krodd' (1,53,77,19,75,000) kii dault ke maalik haiN roNbrtt vaaddraa, bijnes dekh hairt meN pdd' jaaeNge aap https://t.co/...
1346720499766710272,None,1250378637691326467,Indonesia,  Republic of Indonesia,profileplus,#JENO #YUTA #HENDERY,RT @JenoFess: -jn gemes bangetCr CoffeeJnTy https://t.co/y4160ZRIg5
1346720499800408065,None,1303060003146866688,France,  Republic of France,profileplus,Les fans de Can Yaman en France.Groupe Facebook : Can Yaman FranceGroupe Ista : Canyamanfrancophonie,RT @Dany_6868: Igrepost @cuneytsayil Quanto sei bella Roma#CanYamanInItaly #Roma #CanYaman @canyaman1989 https://t.co/ZRfqtWk1Xc
1346720499779293190,None,2175831854,CB, BZ  :EXO,Belize City Belize District Belize,profileplus,Thesis:  Now: loading~~paper  BBH--WYB--EXO,RT @BrightMinho: kh`khidthiieraaaidcchaakeruue`ng Soul khuue` khneraaaimcchamepnt`ngmii passion hruue`khwaamfan`ansuungsud`aairaebbnankaid kh`aekhmiikhwaamsukhainthuk...
1346720499770949632,None,1246108352091832320,British Columbia, Canada, British Columbia Canada,profileplus,pole dancer/content creator/nsfw artist Daddy's lil brat*lewd loser*she/her*pansexual updated wishlist in bioNO DMS PLS,RT @GenerallyLuna: Should I do a face reveal at 250? 
1346720499787845632,None,17928714,Atlanta, Georgia, Georgia United States,profileplus,Executive Aide to @AmbAndrewYoung. Partner, Beloved Villages. Former Chief Operating Officer @TheKingCenter #MLK. Believer of impossible things. #Autism mom,@MittRomney We will accept you into the Democratic party when you're ready. Or be the ying to @BernieSanders yang a... https://t.co/eNmbL1aGZN
1346720503973646341,None,3175999526,Bangkok, Thailand,  Kingdom of Thailand,profileplus, @jamyjamess & @PorscheSivakorn & Louis  *:*Justin Bieber followed : 27.12.2019 .@@..,RT @fixmjss: aikhrtingwngaihn miikh`n`aairkaipeth`aechuue`kuu
1346720503956848640,None,2542014893,Arizona, USA, Arizona United States,profileplus,Young Artist Keeping Faith#NoGangAffiliation#HipHop#R&B#ThaBrodees#Co-Ceo,RT @HaHaDavis: Clout a hell of a drug shit worst than crack!
1346720503961104385,None,735273981360676864,Vanuatu,  Republic of Vanuatu,profileplus,Freelance Journalist Trilingual translator,@AAm1799 l khlS bq~ fyh mhlby@
1346720503986331649,None,2266792749,Nairobi, Kenya,  Republic of Kenya,profileplus,Rehabilitation Doctor/manchester united fan/I believe in God,@KKikubwa It's sad.we need fresh discussion. Not same people everytime we log in
1346720503982039040,None,1284856748273102850,Dehradun, India,  Republic of India,profileplus,Fan of  #MI | #OneFamily | RoHit Sharma | SKY | MSD  | Dawid Malan | Kane Williamson ,RT @Indu_RO45AM: I already knew that Ro will be playing 11 still I m getting lot of goosebumps after @BCCI declared playing 11................
1346720508167950336,None,1033900804158017536,Gajwel, India,  Republic of India,profileplus,@pawankalyan|#Thalaajith|@RaviTeja_offl            |@rajinikanth|INC SUPPORTER,RT @RusthumHere: Miku Gani Telsa? https://t.co/GgNFrkmLX2
1346720508155314178,None,890899938548240384,Thailand,  Kingdom of Thailand,profileplus,(. *o*.)no,RT @doxblebam: kuuphuengruumiikhnae`bch`bwngkuuey`acchnkrathangwngaetk
1346720508155289601,None,4857108553,St Helena, CA, California United States,profileplus,BLACKLIVESMATTER ACAB  (she/her),RT @hollabekgrl: online job applications look more like a capitalist nightmare every day https://t.co/7ISRMhEphX
1346720508155285509,None,1290596534061428736,Shahjahanpur, India,  Republic of India,profileplus,aaii ttii prmukh vidyaa bhaartii puurv chaatr prissd shaahjhaaNpur @Ask2guptaji,RT @BJP4India: laaiv: prdhaanmNtrii @narendramodi jii mhaaraassttr ke saaNgolaa se pshcim bNgaal ke shaalimaar ke biic #100thKisanRail kaa shubhaarNbh kr r...
1346720512358100998,None,1286036122905251841,Alexandria, Egypt,Alexandria Virginia United States,profileplus,new account,RT @Nourannkhaleddd: Do u ever feel like giving up? It's like you need no one and nothing, all you need is yourself and your bed.
1346720512345595904,None,814677120676790272,New York, NY, New York United States,profileplus,None,RT @WorldWideWob: Point Jokic https://t.co/PCytZb3704
1346720512362352642,None,85215038,Santa Monica, CA,Santa Monica California United States,profileplus,Activision Player Support,@Eng_Al_Rifai Hi, sorry for the delayed reply. Are you still experiencing this issue? If so please try to clear you... https://t.co/y2Kpu8e9F3
1346720512383143936,None,1156541099961286661,Dragged you here, so follow !,  Somalia,profileplus,Marcus Rashford * Up The Fucking Reds * Graphics,@notcourtneyyy https://t.co/Ck7Bnwdaoy
1346720512370561024,None,1314109503885901831,Noida, India,  Republic of India,profileplus,Fastest growing digital news outfit of India. In the times of Policy making in the name of Journalism, We provide unbiased news, and not just opinions.,#Pratapgarh : premikaa se milne aae yuvk ko dbNgoN ne berhmii se piittaa, bcaav kaa guhaar krne pr yuvtii ko bhii burii trh se... https://t.co/1rlUcwIcW3
1346720516548272128,None,789582717142896644,Puerto Iguaz√∫, Argentina,  Argentine Republic,profileplus,I like that you're broken, broken like me,RT @Erica_Adoryan: Anda a encontrar a alguien que te quiera de verdad y q te coja bien jajajaja na
1346720516577628160,None,1246590905924100096,üßöüèª‚Äô,  Mexico,profileplus,,Odeio nao conseguir dormir e odeio mais ainda acorda e nao conseguir dormir dnv
1346720516556599297,None,1335586237,MD, Maryland United States,profileplus,El Psy Kongroo,RT @odie_zaz: who wants tamales  https://t.co/24f2ePI1p7
1346720516539883521,None,901976320829267970,Missouri City, TX,Missouri City Texas United States,profileplus,#LITLIFE PROMOTIONS| Fmosc @squadlowkvy| Mocity raised |#PVAMU22 | THE Marching Storm ,RT @TheShadeRoom: Georgia is now a seat away from flipping the Senate https://t.co/UWzXKn0Hcw
1346720516577447937,None,1249000192575033344,Jawa Barat, Indonesia, Jawa Barat Republic of Indonesia,profileplus,None,RT @KOMPASS_STUDIO:  [KP001] Thai foursome twink boys. Jack, First, Thop and Bright duuetmeruue`ngaidthii OnlyFans ethaanan ...
1346720516577497089,None,1345779610068271104,H, Haa Dzongkhag Kingdom of Bhutan,profileplus,`yaakodncchiibcchnesiiy`aakaar aetthukwanniiepnbaacchnesiiysti,@Nicotinene 5555rawangnamhmd
1346720516573421569,None,1069437365716963328,Tennessee, USA, Tennessee United States,profileplus,Loving father | law school student | civil servant | retired USN vet|  warrior | entrepreneur.  Former (D) candidate for TN Senate. #HonoredToServe,RT @MrGeorgeWallace: I could get used to this shit, 2021.
1346720516544077824,None,1100442497753460737,Yorkshire, England United Kingdom of Great Britain and Northern Ireland,profileplus,Chef. bookworm. Owned by 2 cats. Wishing the World would WAKE UP to constant corruption. British ,RT @DecisionDeskHQ: Decision Desk HQ projects Democrats to take control of the Senate (50D-50R) with VP Kamala Harris casting the tie break...
1346720516573261824,None,22996171,Gresham, OR,Gresham Oregon United States,profileplus,73 year old Christian conservative Republican transwoman, Vietnam Vet, RPCV Thailand. I believe in honesty, integrity, rule of law, limited government. #MAGA,RT @YossiGestetner: @Zigmanfreud Trump leaves the @SenateGOP with 2 seats more than what Obama left the @SenateDems. In the House it is 19...
1346720516560875521,None,883612339353903105,Rio, Rio de Janeiro Federative Republic of Brazil,profileplus,Have you really listened to @drake vent? Instagram:https://instagram.com/koxytiger?r=nametag1,@Okolichiaza @T69218942 @MusicalCritic First of all, everybody knows that cardi don't even care about what ppl thin... https://t.co/lAOW58sMU0
1346720520734126081,None,940314152047869960,Rocha, Uruguay,  Oriental Republic of Uruguay,profileplus,ig:martinna.silva *,RT @Dany27: En todos lados llueve menos aca
1346720520746762240,None,1124828966559391747,Italia,  Italian Republic,profileplus,Got7* MonstaX* Exo* Astro* Pentagon *StrayKids *Nct* Suju. *FAN ACCOUNT*,RT @GOT7Official: Happy Birthday JBMESSAGE TO JBbbomtanjeoleul wihan membeodeulyi mesijiga docaghaessseubnida!#GOT7 #gassebeun @GOT7Official#IGOT7 #agasae#OurMasterpieceJBDay...
1346720520738275330,None,1303282151387930625,India,  Republic of India,profileplus,spread positivity ,RT @formahirasharma: don't use emoji's #MahiriansLoveMahira
1346720520754978816,None,1209300168773947393,Sukabumi, Indonesia,  Republic of Indonesia,profileplus,yang patah akan tumbuh,RT @Billboard_JAPAN: [(Jin Zhou nosutorimingusonguchiyato"Streaming Songs")] 1Wei  BTS2Wei  LiSA3Wei  You Li 4Wei  YOASOBI5Wei  Jian Tian Jiang Hui 6Wei  NiziU7Wei  Eve8Wei  LiSA9Wei  NiziU10Wei  SE...
1346720520759353345,Stephenville, TX,4314878533,drivin TP crazy ,Stephenville Texas United States,geoname,be ya own or don't be at all * live life wide open * idk how to heat up a donut,@madison_lugo i already bought the tix so let's hope it's warm that day!!
1346720520750903296,None,822580697584070656,Abuja, Nigeria,Abuja Federal Capital Territory Federal Republic of Nigeria,profileplus,I'm a good girl, I love God. sometimes, Mistakes follow me.,Again 
1346720520738369536,None,1319924315622703105,Navi Mumbai, India,  Republic of India,profileplus,Certified CCAr | CCDE | CCIE | CCDP | .... views are my own; RTs aren't endorsements!,@MrConan91706454 @iamrohankul @Love_Charlie007 @bornfighterleo Woman abusers ! From Vijay &amp; Vibhor gang ! This is w... https://t.co/l79DcYlWMk
1346720524928507909,None,54656624,New York, New York United States,profileplus,Each one, teach one...,RT @realDonaldTrump: https://t.co/dN2P40kJLW
1346720524945256449,None,955304536293494786,Cali, Colombia,Colombia Las Tunas Republic of Cuba,profileplus,Do what I say like I'm daddy ,RT @danielcarvaajal: Merezco un chingo mas
1346720524941078528,None,2761108606,Pennsylvania, USA, Pennsylvania United States,profileplus,Climate change is real,RT @iamw0man: https://t.co/6i6BSZyIlV
1346720524949467136,None,1180751264105336832,Nigeria,  Federal Republic of Nigeria,profileplus,None,RT @Vision_lifee: Good morning my neighbours! I wish you all a Nickilicious day ahead  #TachaXNickiMinaj
1346720524928385025,None,3183824286,Indonesia,  Republic of Indonesia,profileplus,i'm a misfit,@chaoticevil__ ya jangan disalahin atuh buahnya mah
1346720524936744960,None,1309031521496465410,ü§çüíö,  Mexico,profileplus,feels like cigarettes after sex.                                @Mmarksiwat @khunppol,RT @ddeongwuuuu: Gulf: https://t.co/xYVH06vgme
1346720524932669442,None,964255860439617538,St Paul, MN, Minnesota United States,profileplus,As liberal as the next guy. This county is in a very dark place right now. But I'm really only here for cat videos. **Everyone counts or nobody counts**,@SenatorLoeffler They did and you lost. Cry more
1346720524945264640,None,946092620039774208,usa ,  United States,profileplus,I love baking & I love politics. Vote Blue No Matter Who #IMissObama #VoteJoeBiden #NeverTrump #TrumpIsARacist #Resist #BidenHarris2020 #MakeAmericaCareAgain,@jaketapper Thank you for the great giggle @jaketapper. But I'm also giddy with everything since November 3!!!!!
1346720524961890309,None,716256797166702593,Thailand,  Kingdom of Thailand,profileplus,Duan Yi En  Yi En  En En  Ma Ke  Mark Yi En Tuan Cong Wei Dui Ni Shuo Guo  (IGot7) @mtuan93,RT @defpeachii: kunamtaaaetkephraaakhlipniiely`h aengngngngngngngngelikkabaefnkuyangaimr`ngkhnaadniiely`h https://t.co/bp1BtqRBPi
1346720529139388423,None,805575049356935168, JAMMU AND KASHMIR, State of Jammu and Kashmir Republic of India,profileplus,Social Activist Enterpruner Youth leader,RT @IYC: berojgaaroN ke drd ko sunie srkaar... https://t.co/PWHClgJ9Pu
1346720529147809797,None,1306357246612258816,Los Angeles, CA,Los Angeles California United States,profileplus,Proud Mom to a grown ass woman... Deja....everybody's best friend and favorite coworker. ,RT @donwinslow: Dear Republicans,Tonight is just the beginning.And it's just going to keep getting worse for anyone who supported Donal...
