Id,Place,User ID,Location,Resolution,Method,Description,Tweet
1346720466241691648,Mongolia,1049866446,Mongolia, Inner Mongolia Autonomous Region People's Republic of China,geoname,Ezen khicheevel                                 Zaiaa khicheene,Saikhan tsag irne onzhood khemnelt khiikh n' zov shuu
1346720495576576000,Cuernavaca, Morelos,1215493873121792000,Iguala de la Independencia, Gu, Estado de Morelos Mexico,geoname,Trans   Guerrero, Mexicohttp://www.instagram.com/italia.ocampo,Alguien que me pueda conseguir un toque de fe   por aqui #Centrocuernavaca #Cuernavaca #Morelos #420life
1346720520759353345,Stephenville, TX,4314878533,drivin TP crazy ,Stephenville Texas United States,geoname,be ya own or don't be at all * live life wide open * idk how to heat up a donut,@madison_lugo i already bought the tix so let's hope it's warm that day!!
1346720613021470720,Islamic Republic of Iran,1248204062140424192,Tehran üõπ,  Islamic Republic of Iran,geoname,akh khh dygh frngys!,@hanayemomy 
1346720621410054149,Parma, Emilia Romagna,1304979563726938116,Italia, Emilia-Romagna Italian Republic,geoname,None,The Ethiopian Gov't using the same war tactics from the Derg regime to starve innocent civilians in Tigray. Hunger... https://t.co/dBSnfuAPRi
1346720675944304642,Himachal Pradesh, India,534969353,India, State of Himachal Pradesh Republic of India,geoname,Volunteers Congressi, Ex NSUI president_96-97 RajivGandhi Degree College, JOGINDER NAGAR (HP) dil meN kaaNgres,baaki mere tweet aur Retweets dekh ke smjh jaaoge ,@Naadaan_Chhori Dono ko pyaar ho gya hai sayad...  Love fight chal rahi hai... 
1346720680121810944,Shunan-shi, Yamaguchi,1181920652304863233,Â±±Âè£ Âë®ÂçóÂ∏Ç, Yamaguchi Japan,geoname,Zhu Ren noShi Shi (Tie Gong Suo )noShi Wu ya Bao Yu Shi noZi Ge de huamirisapotoshinagara Mei Ri Le shikuZhu Fu shiteimasu.  Fu noDai karaJia nihaJin Li tomitsubachigaite sorezoreZhu Ren gaQu Wei woYin kiJi ideimasu!Qu Wei noYu woChao eteimasugadeisabisuniTong uMu tomoZhong Liang shidesu,@butanikugohan sousouJin Zhou oXiu mii
1346720709503033347,Itagua√≠, Brasil,3818661796,Ponte Preta PPT, Rio de Janeiro Federative Republic of Brazil,geoname,WhatsApp - (21) 980869707//  @FlamengoExercito Brasileiro,@KetlenLalhen @oubrisado Kkkkkkkkkk se eu elogiar vc vai fzr direto ate ficar careca
1346720713672019969,Maharashtra, India,1341767163661623296,Majalgaon, India, State of Maharashtra Republic of India,geoname,raassttrvaadii kaaNgres paarttii, maajlgaavaadhaarvdd|@SharadPawarmaargdrshk|@AjitPawar,*Lee mottaa bhaaii:meN bcpn se ttaagor bnnaa caahtaa thaa / #pshcim_bNgaal_nivddnnuuk @Prasad_Udhe @indiacspeaks
1346720722064965632,Nairobi, Kenya,2936826166,None, Nairobi Province Republic of Kenya,geoname,None,@Kamzy___ https://t.co/HVuuL9AL3X
1346720789169631232,Ratingen, Deutschland,51047667,(not the North Pole) ,Ratingen Nordrhein-Westfalen Federal Republic of Germany,geoname,Don't follow me. I'm lost myself.No me sigan. Tampoco se a donde voy.Nicht folgen. Ich weiss auch nicht, wohin.,@mingoberlin Gute Nachrichten:1) Geruchssinn funktioniert, also wohl kein Corona!2) Mehr Kase fur dich!
1346720814335369217,Nepal,798482301784985600,Bajhang-kathmandu, nepal,  Federal Democratic Republic of Nepal,geoname,- Nature Lover - Forestry student,unilaaii boln jhyaau laagn thaaleko thiyo,maile message grn choddidier sjilo bnaaiidie /  / 
1346720856303689728,Kenilworth, England,153366834,kenilworth uk,Kenilworth England United Kingdom of Great Britain and Northern Ireland,geoname,My passion is amateur radio,the Glass is always Half Full,enjoy building HF,VHF,Aerials.Hates:-drivers that use Mobile Phones, Drunk Drivers seen to many deaths,@2106PC Yes-yes...
1346720864696467457,Rio de Janeiro, Brasil,986292654127403008,üá∑üá¥, Rio de Janeiro Federative Republic of Brazil,geoname,None,era so uma conversa
1346720881473540097,Los Angeles, CA,310070659,Van Nuys, Los Angeles, California United States,geoname,i usually take the long way home,Keep six for twelve so I know it's real.
1346720956962762752,Oslo, Norge,480311883,Oslo, Norway, Oslo County Kingdom of Norway,geoname,Rodt | Sosialist | Ateist | Liverpool | UFC,@budweisa @schish76 @oda_alstad Er du IKKE en Burt Reynolds dobbeltjenger? 
1346720956970983424,Medchal, India,1301495030675251201,None, State of Telangana Republic of India,geoname,Everyday is new beginning..,#MonaliasnWishKaagaz 
1346720977938509824,New Orleans, LA,704443351840370688,New Orleans, LA,New Orleans Louisiana United States,geoname,Fennec Kitsune and Wickerbeast| artist| cosplayer| fursuiter| maker: @Cajun_Wolf |Refurb by: @SoSaki_ AD account: @TenkoArtsLewd,Cramps can you not at 1:31am Dx
1346721011505401857,New Orleans, LA,1225573824,New Orleans - Uptown,New Orleans Louisiana United States,geoname,Self-Declared McKing of the 504. I like my Jazz out of brass, the Saints, draft beer, and #Resist #Resistance. My thoughts are mine.,Saw Helen Keller was trending, so I clicked and found out why.Anyone who thinks Helen Keller "didn't happen" shou... https://t.co/9bJGJtPaoh
1346721019873042432,Cabuyao, Calabarzon,1313740889244667906,None,Cabuyao Calabarzon Republic of the Philippines,geoname,Simple Girl,Hello to all @NikoLegions fam.. Lets watch the interview of our lods sa @GMARegionalTV Yt Channelhttps://t.co/PDG76pSYlM
1346721057625890816,Kokubunji-shi, Tokyo,206573042,„É°„É´„É≠„Éº„Ç∫, Tokyo Prefecture Japan,geoname,Fuji Rock Zhao Wu JamgaHao kidesu!ironnahuesuniXing kitai!Dan Du raibunimoXing kimasu. Ying Hua yagemuhaShao "!Ji Ben Yin kikomorideRen Jian Zhi ri!yoroshikuoYuan ishimasu. ,hayashiTian . mechiyaMei Wei katsuta.  https://t.co/g3iRxRRKzR
1346721099573321728,South Africa,1145625433972588545,Johannesburg, South Africa,  Republic of South Africa,geoname,-Don't rush your come up.,Yoh! But why???
1346721103763427328,Texas, USA,260861782,Dallas, TX, Texas United States,geoname,Co-host of the High School Basketball Happenings podcast with @paulbiancardi   http://hoponthecall.com   IG: @zainmotani,@NRA 
1346721128916668416,Kimberley, South Africa,1249949630114205697,South Africa,Kimberley Northern Cape Republic of South Africa,geoname,Tourism| Energetic| Youtuber| The People's Chommi | Queer|20k+ views on YouTube.,@_kitaPeter 
1346721229592399872,Monterrey, Nuevo Le√≥n,114805190,Monterrey,Monterrey Estado de Nuevo Leon Mexico,geoname,Amo a mi familia, a mis familiares y a mis amigos.,@sussy44 Saludos, Sussy... Uno de los logos que me encantaba era el de Indios de Ciudad Juarez... El del balon con... https://t.co/ryidNDXHZD
1346721271527170049,Fortaleza, Brazil,11538752,Fortaleza, Brasil, Ceara Federative Republic of Brazil,geoname,Mente inquieta e deboche no sangue.,@babi E nada acontece...
1346721296713859073,Khatauli, India,1309048206202990594,None,Khatauli Uttar Pradesh Republic of India,geoname,I am a student,@Dilaikfandom1 @ColorsTV @RubiDilaik #BBTrendMasterRubinaDilaik
1346721317689520133,Kuala Lumpur, Wilayah Persekutuan Kuala Lumpur,995115870094479363,Santa Clara, CA,Kuala Lumpur Kuala Lumpur Malaysia,geoname,Learning to cut and stitch human body. RunICyclingISwim|HIIT|Yoga I Mindfulness|Nature |Nerd|Centre-Left| Half-Korean| #SelfCare | Namaste ,@zergg Correct. Me (last night during bleeding  AV fistula) . Mindfulness  is the key  to tranquility and happiness
1346721351243948035,Baldwin Park, CA,1936014175,None,Baldwin Park California United States,geoname,None,True.
1346721359594975232,Carrollton, GA,1241532403132309515,Carrollton, GA,Carrollton Georgia United States,geoname,Eagles, Cubs, Georgia Tech, ATL Hawks, Celtics, Ohio State, politics, my own deeply chaotic musings,@realystTe https://t.co/dUpb8vhMpG
1346721380591611904,Georgia, USA,1216512190074716161,None, Georgia United States,geoname,Surgical scars,@ananavarro @TheView You need to be a permanent host. Megan is already getting on Joy's nerves.
1346721393182986241,Falkenberg, Sverige,15015291,Sl√∂inge, Halland,Falkenberg Halland County Kingdom of Sweden,geoname,Hertig av Halland, Sloinge, Familjefar, Reklamare, Tennis, Kaffe, Bageriagare, Tradgardsfix, Micro-triviolog,Melchior, Kaspar och Baltasar. Skona namn.
1346721443497844736,Toronto, Ontario,276613299,Canada,Toronto Ontario Canada,geoname,Mother,sister and most importantly Dog lover.,Indeed
1346721498040594432,≈Å√≥d≈∫, Polska,837594025402195968,≈Å√≥d≈∫, Polska, Wojewodztwo Lodzkie Republic of Poland,geoname,jestem milenialsem, zazywam zycia   @ukradli_mi_nick,Dzien dobry. https://t.co/jNmd32xanR
1346721518986924032,Georgia, USA,1285082538688614401,Valdosta, GA, Georgia United States,geoname,Personal account of @willoliver. // Founder of @devthbrand and @giantwolfsupply. // Home Designer.,Can't talk right now I'm doing hot girl shit
1346721531582423040,Niter√≥i, Brasil,804063697391984640,Niter√≥i, Brasil, Rio de Janeiro Federative Republic of Brazil,geoname,* |+55 21* |15y@flamengo ,@Jackhhoney Mama tu
1346721535764156416,San Antonio, TX,236690935,Laredo, TX,San Antonio Texas United States,geoname,Interests: reading, camping, current events, horses, military, weather, health, ham radio, scuba diving. My tweets relate to news & my interests.,https://t.co/bcnC1By4Iu
1346721611274092544,Long Beach, CA,20492698,California,Long Beach California United States,geoname,I'm 5'3 but if I were 6'3 I'd wear heels everyday and rule the world as an Amazon. Until then, I'll be pint sized and portable. she/her Pro:,@vgnbeautyaddict Those people  https://t.co/bTNQkRfVZp
1346721619658604545,Houston, TX,608347404,Houston, TX,Houston Texas United States,geoname,(ARTIST)Never lose yourself chasing someone else #242BABY #ATG!!,
1346721632249925633,Kuala Selangor, Selangor,389275590,Kuala Lumpur,Kuala Selangor Selangor Malaysia,geoname,l lh l llh mHmd rswl llh ARMY,Fam  @ Kuala Selangor https://t.co/NxbKztXATz
1346721661597278208,Sydney, New South Wales,19882269,sydney,Sydney State of New South Wales Commonwealth of Australia,geoname,slightly left, slightly green, slightly geek... very tired,@MerlinCrossley And unfortunately we don't know any of the names it was no as prior to European settlement.
1346721690978541570,K√∏benhavn, Danmark,1269543531707801602,None, Region Hovedstaden Kingdom of Denmark,geoname,JustALilTomato||Top Tier Stream Sniper||Leader of Friendly Stream Sniping Clan #LilGang ||LilGang Community Discord https://discord.gg/VNsEtDd,@gris_gud @TSM_ZexRow Gaei
1346721695168679937,Chalco, M√©xico,1858804770,Estado de M√©xico,Chalco Estado de Mexico Mexico,geoname,Soy hombre de pocas palabras pero de muchas fotografias. Especializandome en fotografia politica. #Fotografo  #SoyDePumas Contactame: Instagram @laliuxms ,@DgMannu Soltar es algo muy dificil de@hacer, pero es algo muy necesario hacerlo en nuestras vidas!!!
1346721695147687936,Johannesburg, South Africa,56153432,Garden City, KS, Gauteng Republic of South Africa,geoname,where the money reside, okay I'll consider that.
1346721699346071552,Zentsuji-shi, Kagawa,1134810301113614338,Êó•Êú¨, Kagawa-ken Japan,geoname,Ji Ben 100%huorobashimasu!Zun Jing suruRen  @burahowa123 love @koiriki_ Hao kinaPei Xin Zhe  @m0shuffle,oPi reYang 
1346721720338550784,India,749585129933275136,Shahabad, India,  Republic of India,geoname,|| State General Secretary Bhartiya Narender Modi Army Yuva Morcha, Haryana || Member District Committee @BJYM ||,himaacl prdesh ko vikaas ke pth pr aage bddh'aane vaale yshsvii mukhymNtrii maanniiy shrii jyraam tthaakur jii ko jnmdin kii haardik... https://t.co/MEqVlm5uR0
1346721732888047617,Maring√°, Brasil,2990030595,Maring√°-PR, Parana Federative Republic of Brazil,geoname,Ainda ha tempo...,
1346721762269134850,Tunisia,1326072717737652227,Kingdom of Saudi Arabia,  Republic of Tunisia,geoname,l lh l nt sbHnk ny knt mn lZlmyn,llhm ny '`wdh bk mn lhm wlHzn wl`jz wlksl w'`wdh bk mn ljbn wlbkhl w'`wdh bk mn Glb@ ldyn wqhr lrjl sbH... https://t.co/sjKVuF6pQi
1346721762273214464,Kerala, India,1194235975536234499,None, State of Kerala Republic of India,geoname,LIFE IS VERY SHORT NANBA ALWAYS BE HAPPY ,Now #ChiyaanVikram 's #cobra &amp;  #CobraTeaser are Trending topics in Social Media  https://t.co/OGZ1bWSPSU
1346721909086543874,Bacabal, Brasil,1323733972120178688,na loja da nike, Maranhao Federative Republic of Brazil,geoname,pra que bio,Mel https://t.co/wRdXbTk0qS
1346721921665265664,Texas, USA,66591997,Kyle, TX, Texas United States,geoname,Aggie , Mets, Jets,Nets,Islanders. Family is the backbone of life, Travel is in my Blood. Miss my home State Of NewYawk. Important to give to the less fortunate,@HuffPost Ossoff will be the first Jewish Senator to represent the state
1346721930049630208,Kampala, Uganda,734736959202004993,Kampala, Uganda,Kampala Central Region Republic of Uganda,geoname,Human that loves God,10k
1346722089441497091,New Delhi, India,1536127303,New Delhi? ,New Delhi National Capital Territory of Delhi Republic of India,geoname,Neither bullish nor bearish,I'm a realist. I do both long and short trades in F&O. Tweets are for educational purpose only.deepaksahney@deepaksahney.compl,Buy for two days
1346722106193682433,Houston, TX,15704760,Houston, Texas,Houston Texas United States,geoname,Executive Director and Co-founder of @newCounterpoint. Cartoonist for Tribune Content Agency. Pulitzer Prize - 2005,Along with your legacy.
1346722110404661250,Los Altos, CA,416998099,California, USA,Los Altos California United States,geoname,I tweet about Magic the Gathering / Sports / Pop Culture.,@selfd @BasicMountain You can't just cut off half his sentence.
1346722148157632513,Abuja, Nigeria,1316786952318980096,Abuja, Nigeria,Abuja Federal Capital Territory Federal Republic of Nigeria,geoname,FOODIE .25Taraba Girl.my tweet na cruise. u fall ur wahala.@ManUtd ,@realvictor__ My Victor , I have been resting
1346722202679353344,Kishangarh, India,1343432815048753154,Ajmer Rajasthan ,Kishangarh State of Rajasthan Republic of India,geoname,Dinesh Jayalwal ( Prajapat )@dineshjayalwal,@DineshJayalwal #Dineshjayalwal https://t.co/eXcTqt2CeC
1346722206869577728,Namibia,66103696,Any were I want it to be,  Republic of Namibia,geoname,Mother,Sister,Friend,Auntie .God is the director of my Life.From the Land of the Brave,So today is day 6  or 7 and @OldMutualNam has not taken their money yet, the email that I'm going to sent to my adv... https://t.co/t1ozZtdA2n
1346722223638405120,Sandy Springs, GA,29134273,Atlanta,Sandy Springs Georgia United States,geoname,Sr Advisor Latinx Engagement @GreenpeaceUSA + Political Dir @ComediansResist. Fmr Spanish Content Dir @BernieSanders & @TomSteyer; @MiddleSeatCo; Navy Vet/,@ellewoodsgolfs Hawley can go yeet himself into the sun. While Bernie was pushing for $2000 checks in March, this t... https://t.co/IzbxhAuN9I
1346722261374529538,South Africa,434904007,CAPE TOWN WESTERN CAPE,  Republic of South Africa,geoname,ND: Sport Management Herbalife Distributor. Wellness Coach. Personal Trainer. Fitness Instructor,I always believe good sex can be replaced, but how you treat someone, that can't be replaced
1346722273965780993,Oƒüuzeli, Gaziantep,354447363,Mars , Gaziantep Republic of Turkey,geoname,Sayin Resul Karatas Beyfendi'nin Resmi Hesabidir Fenerbahce,@ayhanferdi Sizin hayaliniz bizim gercekler tarihte 100. Yilinda sampiyon olamayan Takim daha kotu ne olabilir  https://t.co/suhlYtOtI1
1346722286557138944,Little Rock, AR,1170035829785448448,Arkansas, USA,Little Rock Arkansas United States,geoname,None,@robreiner Yes
1346722290742878208,New Delhi, India,1289790374530019329,None,New Delhi National Capital Territory of Delhi Republic of India,geoname,time pass,kaarnn  saaph hai yogii htt jaaye biijepii srkaar
1346722320111423488,Melbourne, Victoria,233782487,MELBOURNE,Melbourne State of Victoria Commonwealth of Australia,geoname,NICE HUMAN,@STAMengineer @kafraki6 Ego tha ebaza photia sta mpatzakia tous!
1346722345269002240,Vereeniging, South Africa,286381723,Durban & Sharpeville , RSA,Vereeniging Gauteng Republic of South Africa,geoname,Nothing to some, everything to others. I'm ghetto like two plate stove.,@___Keitumetse Hase bolwetsi, ono tswanela fela gore o yetse " caring too much " eo go wena e seng motho o mong
1346722357856129025,Dudley, England,841417244164935680,West Midlands, England, England United Kingdom of Great Britain and Northern Ireland,geoname,Inspiring a healthy and balanced lifestyle |Mobile Sports Massage Therapist |Leader in Running Fitness,@Joeynoble Oh no.... is he ok? 
1346722399803371520,Dortmund, Deutschland,1286039284437454848,None,Dortmund Nordrhein-Westfalen Federal Republic of Germany,geoname,24 Jahre alt. Newbie in NRW/Dortmund. in Unterfranken. Habe ein -. Liebe Musik, Essen und Zocken  Normal langweilig und manchmal weird.,Alles klar....506 ungelesene E-Mails, wahrend meinem Urlaub...Danke Merkel 
1346722424977555456,Burundi,732501153305350144,Burundi,  Republic of Burundi,geoname,Green Entrepreneur// #Climate activist//#CleanCookingEnergy and #CircularEconomy Promotter //Founder and CEO of @KAGEconomy //@AYC_hub Ambassador,@bestof257 Thank you
1346722433361879040,Dubai, United Arab Emirates,91759333,ÿßŸÑÿßŸÖÿßÿ±ÿßÿ™ ÿßŸÑÿπÿ±ÿ®Ÿäÿ© ÿßŸÑŸÖÿ™ÿ≠ÿØÿ©, Dubai United Arab Emirates,geoname,ll`lnt ltjry@ "fqT" yrj~ ltwSl `br lwtsb `l~ lrqm 0507759992,Dell t`ln rsmyan `n lSdrt ljdyd@ mn 'jhz@ Latitude ll`m 2021 https://t.co/VFNr4Zl1kr https://t.co/MipzsmBAQ3
1346722500466647041,Morogoro, Tanzania,317310905,Tanzania, Morogoro Region United Republic of Tanzania,geoname,Military Mind Nigga, Hip Hop! Cancer  007 James Bond, Bonnie & Clyde ,Kwa hiyo cheza Kwa step sio? 
1346722592741199872,Maldives,825393218443317248,None,  Republic of Maldives,geoname,Mother of 2 dragonsi am more of a Mvboli kinda girl..& she wrote in to the  night...,I swear I ve never been this excited about school..
1346722651453202433,Madrid, Spain,187739378,Madrid, Comunidad de Madrid Kingdom of Spain,geoname,None,@JoseFouche_ @MasMadrid__ Tipico de facha, querer comprar dos cosas que no tienen nada que ver para justificar
1346722672441397249,Denver, CO,221943622,Denver, CO,Denver Colorado United States,geoname,Warlock Main/MMA fanatic!,@RickKackis I got the god roll shotgun today!! https://t.co/PErIcZEbNc
1346722697586343936,Florida, USA,389952702,Florida, USA, Florida United States,geoname,52 years old, native Floridian. human being with all the flaws that entails. PLEASE DON'T DM ME IF ALL YOU WANT TO DO IS SELL ME LINKS TO YOUR ADULT ACCOUNTS.,150 ft. Iceberg passing through Iceberg Alley near Ferryland, Newfoundland, Canada https://t.co/7zoVODueAh
1346722752137408512,New Orleans, LA,1265693418,New Orleans, LA,New Orleans Louisiana United States,geoname,22  Tulane MSW  LSU Alum,we did it. we did it Joe 
1346722764703506432,Sydney, New South Wales,1276058649199210496,üåè,Sydney State of New South Wales Commonwealth of Australia,geoname,#PWI |#Investor | #Mentor | #Analyst | #TechnoFunda | Focus on Investment Productivity  and Profitability Disc# All Tweets are for educational purpose only.,#sydneyweather #lockdown  https://t.co/lIRa14X1gr
1346722789852667904,S√£o Gon√ßalo, Brasil,986052252912766976,sg., Rio de Janeiro Federative Republic of Brazil,geoname,26/12.,ja dei tantos beijos por ai, ms igual ao seu eu nunca vi 
1346722810849325057,Z√°rate, Argentina,3298497610,en un cumple , Buenos Aires Argentine Republic,geoname,Zarate,@FranciscoMercu4 que dice mi amigo el poeta
1346722823440658432,Philadelphia, PA,1340572891,Philadelphia, PA,Philadelphia Pennsylvania United States,geoname,Morgan State,Irked.
1346722844382797825,Polatlƒ±, Ankara,606432207,ANKARA, Ankara Republic of Turkey,geoname,Elektrik-Elektronik MuhendisiCrimean Tatar,I'm at Polatli TIGEM https://t.co/k7VRQlhzgY
1346722907301371904,Canberra, Australian Capital Territory,298754093,Australia,Canberra Australian Capital Territory Commonwealth of Australia,geoname,VANUATU High Commissioner to Australia  |Haut - Commissaire de VANUATU  en Australie  #Diplomacy #VanDiplomacy|#SIDS|#Tweets=own view,@KioEmmie Dying laughing at this. @stuk6453 you should see this 
1346722911525232640,Georgia, USA,253387335,North Georgia, Georgia United States,geoname,I have been crucified with Christ; it is no longer I who live, but Christ lives in me. (Galatians 2:20),@tmlens THIS FRAUD HAS TO STOP!! GEORGIANS ARE MAD AS HELL.. DID THE GOP SENATE SERIOUSLY THINK  THESE THIEVES WOU... https://t.co/5cpellTi3k
1346722919896866821,Melbourne, Victoria,35600692,Melbourne, Victoria,Melbourne State of Victoria Commonwealth of Australia,geoname,opinionatedannoyingsweary photographertiger@schittscreek GIFS ,@WrittenOnWater  https://t.co/RIz0pU80Xa
1346722928302424064,Islamabad, Pakistan,916019649493504000,ISLAMABAD  :  PAKISTAN , Islamabad Islamic Republic of Pakistan,geoname,LAWYER   /   ATTORNEY - AT - LAW,AIOU  DATE  SHEET https://t.co/bndgzPJ4ar
1346722936657330176,Kolkata, India,1278287592396476420,None,Kolkata West Bengal Republic of India,geoname,None,bhijitt kre aNshgrhnn krun aaro durdaant sb khbr o tthy pete hoy'aattsayaape shey'aar krun phesbuke shey'aar krun... https://t.co/ggB6vEeavW
1346722957649989633,Botswana,55191576,MTB trails        Mont ventoux,  Republic of Botswana,geoname,I ride bicycles! Winning is what I do for fun.,
1346722974402048001,Sale, England,31881452,Altrincham, cheshire,Sale England United Kingdom of Great Britain and Northern Ireland,geoname,Captain of Navigation Hotel Bowling Team PLAYERS ALWAYS WELCOME, I enjoy collecting Adidas Superstar trainers. I love the designs from fashion Katie Eary,Spider Dave  @ Broadheath, Cheshire, United Kingdom https://t.co/VihEVRq6ML
1346722978634096641,Louth, Ireland,263097417,Ireland , Leinster Ireland,geoname,Zimbabwean,patriot and independent thinker!,@P_Myte Nervous conditions
1346723075082100736,Baton Rouge, LA,2195454427,Louisiana , Louisiana United States,geoname, Just a queer black guy  from Louisiana  IG/Snapchat-Itssenio,Lawd I hope it's better then last season! 
1346723121223626753,Austin, TX,1888236302,atx,Austin Texas United States,geoname,on way! avoiding skanks!,me and sasha
1346723142186708993,S√£o Paulo, Brasil,1330376159243218947,S√£o Paulo, Brasil, Sao Paulo Federative Republic of Brazil,geoname,dance with me, and i will sing for you, a symphony, will you not kiss me? ..., send me out, please, she is a goddess, a wish of the stars, in my heart.,2021 comecou bem em, ja sei qm sao os de vdd
1346723192526794752,Durban, South Africa,85618242,√úT: -26.1839197,28.0185828,Durban KwaZulu-Natal Republic of South Africa,geoname,100% Zulu! Tall very Tall!!! Fears n Loves God! Pro International Photographer & Videographer! I also DJ   trevor@phezuluworx.co.za Instagram: @trevor_zondi,@eThekwiniM closed water for people during a global pandemic that requires you to be able to wash your hands freque... https://t.co/VYsXqccp6b
1346723196729491456,Houston, TX,3092233730,Louisiana + HTX,Houston Texas United States,geoname,Serial EntrepreneuHER | Investor| Mentor| Construction | Support ,@elcavaqueen @tatumforbes @thedgtalempress @LifeasMarita I have to research what happened to Detroit, Baltimore and... https://t.co/EV4z1puHel
1346723200902680576,Kota Batam, Kepulauan Riau,1340009585902379008,Kota Batam, Kepulauan Riau, Provinsi Kepulauan Riau Republic of Indonesia,geoname,Accont Real Me Batam Open Boking .Untuk Info Rate And Rules Nya DM  Atau  Klik link https://wa.me/6289603186986 ,#Availbobatam Open Untuk Kota Batam Dan Sekitar Nya Yuk isi slot aku sekarang Untuk RR langsung DM Whatsapp... https://t.co/GJLItfE2U1
1346723293173329920,Jonesboro, AR,572212793,Jonesboro, AR,Jonesboro Arkansas United States,geoname,that bitch w the hoop, the blunts, and the vibes gemini witch insta: madisonclairesherlin & madzflow,@ashleighalexiss we need to do more tik tok date ideas cause this one was chefs kiss
1346723335128965124,Fern Creek, KY,1185003612478541825,Fern creek,Fern Creek Kentucky United States,geoname,Cashapp:  $ruzanka,@Thorbourne @crompton287 @Jeremy_Roenick Well you all can drink them together after that L y'all both got
1346723347732697095,Curug, Indonesia,54493591,Jakarta,Curug Banten Republic of Indonesia,geoname,tukang roasting kopi + tukang ayam 4.0*tidak melayani twitwor, hanya mau ngakak di medsos,@CakBambangelf Wartawan warnet, redaktur cafe.
1346723406432104456,Dubai, United Arab Emirates,704618757516353536,United Arab Emirates, Dubai United Arab Emirates,geoname,EH&S advisor, investigator, speaker pakistan politics dissection with tea ,@sindhimarhun_ 
1346723431585255425,San Diego, CA,1237154338973368321,San Diego, CA, California United States,geoname,just a squirrel looking for a nut ,@maxxbounty On my way 
1346723460962254848,Los Angeles, CA,24783778,MARINA DEL REY, California United States,geoname,http://about.me/craig_nobles,Just posted a video @ Los Angeles, California https://t.co/ju5DIblySS
1346723481916882949,San Francisco, CA,528857784,San Francisco, CA,San Francisco California United States,geoname,Do the right thing. Be kind. Use courtesy and manners. Human Life Matters More Than Money. Rich people please attend a Greed Anonymous God help our democracy!,Maybe he'll find @realDonaldTrump  11k votes lol
1346723498706804736,Kampala, Uganda,982590245622476801,Mukono, Uganda,Kampala Central Region Republic of Uganda,geoname,REVOLUTIONALIST,Lets all pray to GOD for the new change ##KYAGULANYI for presidency https://t.co/uAcLeXt4K0
1346723519674032128,Uttar Pradesh, India,1187777067431026688,Uttar Pradesh, India, Uttar Pradesh Republic of India,geoname,Official accountSubscribe my YT channelhttps://youtube.com/channel Simple Boy im not Rich ssut I'm Royal Live Laugh LoVeBlack Lover,@Reuters "The things we fear most in organizations-fluctuations, disturbances, imbalances-are the primary sources of creativity."
1346723523864260608,Georgia, USA,3650247017,Georgia, USA, Georgia United States,geoname,wife, mother, mimi,country in every possible way. Over 350,000 people died because of you. You just ignored it. You are the most corru... https://t.co/SMxv8ypBGT
1346723544839950336,Belford Roxo, Brasil,1306972550648549376,Comunidade do Gog√≥ , Rio de Janeiro Federative Republic of Brazil,geoname,16y - @EcNovaCidade ,@abencoe_me @cbernardo_7 
1346723544835747840,Chapadinha, Brasil,792858821815336961,S√£o Lu√≠s, Brasil, Maranhao Federative Republic of Brazil,geoname,um garoto depressivo,Crianca e eu que https://t.co/N9zbjrYKoL vontade de comer aquele peixe empanado da ufma kkk real se eu soubesse fazer eu faria
1346723586803970049,Lebanon,280565557,Lebanon,  Lebanon,geoname,i AM The Descendant OF The DEVIL,lkhlS@ : yl`n rb hl `ysh@
1346723595184082944,Honolulu, HI,1151762722733694976,None, Hawaii United States,geoname,mekaYan Jiu Zhi , Wai Zi Xi Yi Yuan Mi Shu Hou , 2016/10Quan Mao Lian retehawaihe . US CitizentoJie Hun surumoYong Zhu Quan Shen Qing Chu Lai zu, Xian Zai VAWAwoTong shiGCShen Qing Zhong .  2019/07Li Hun Cheng Li . 2019/01karariumachiFa Zheng Zhi Liao Zhong . Ri Ben somurieXie Hui Ren Ding wainekisupato. Shu Zi niSe gaFu iteruGong Gan Jue Chi chi. ,Qu Nian no10-12Yue niKai Cui sareta, Ben Xiang Zong Hai san#somihongonosupipuro10Qi , hontoniCan Jia shiteLiang katsutawaShi noZhong ni, konnani[Su niYan usupiXi noRen tachi] gairunone!?soshiteminna, nanteSu Qing rashikuteYou shiindeshiyou...tsute, Guan ... https://t.co/BeTOp3hx2u
1346723620333219840,Bayonne, NJ,1442257950,Bayonne, NJ,Bayonne New Jersey United States,geoname,True Democrat but an old school Democrat I believe in Reaching Across the aisle to come to a common ground even on progressive agendas.,@Retrievals1 Fuck that little privileged Bitch
1346723653896040448,Edinburgh, Scotland,276910771,Leith, Scotland United Kingdom of Great Britain and Northern Ireland,geoname,Emotional Literacy Specialist | Keynote Speaker | Attachment, Self-care, ACEs | MA(Hons) | PG Dip |Volunteer for @tylaedinburgh | Education changes lives,@paulinescott222 @BDPerry Thanks Pauline! 
1346723695838916608,Hyderabad, India,196197244,Hyderabad, India, State of Telangana Republic of India,geoname,Jessie ki prematho ,@CurlyPandaa Issokay, everything happens for a reason. Hope Bruno gaadu is in a safer heavenly place now.
1346723716823199744,Benito Ju√°rez, Distrito Federal,1201332609017622535,En un Oxxo,Benito Juarez Ciudad de Mexico Mexico,geoname,he/him 18+ account,Drinking on the patio looking at a cool tree. Life's good rn
1346723720992210944,Antipolo City, Calabarzon,1167999338611535873,None,Antipolo Calabarzon Republic of the Philippines,geoname,@jmiguele_ || @tamxzC || @mrtnzann || @httpmcyq,nakakakainggit , swerte nyo sa isa't isa
1346723729376567296,Albury, New South Wales,1274997675402788864,Border of Albury and Wodonga, State of New South Wales Commonwealth of Australia,geoname,love animals, cats especiallyall for First Nations, environment, climate change action. no time for liars. proud kiwi. NO PORN,@rmabennett Wouldn't it
1346723733575262208,Rio de Janeiro, Brasil,1345350817403072515,Rio de Janeiro, Brasil, Rio de Janeiro Federative Republic of Brazil,geoname,None,Fui stalkear e vi oq nao queria, enfim. To com muito odio 
1346723733591842823,Kizugawa-shi, Kyoto,1268041552296685568,Kyoto , Japan, Kyoto Prefecture Japan,geoname,a student of Physics. I live now at Kizugawa-city, KYOTO in Japan. At KYOTO Univ. now studying scientific philosophy and history and so on. a member of HSSJ.,Jian noXue Shu Hui Yi Ren Ming Ju Fou Wen Ti Jie Ju kokogaE i https://t.co/AnFV3Jd0KS @YouTubeyori
1346723754563563521,Ikeja, Nigeria,477268420,Chasing The Bag,Ikeja Lagos State Federal Republic of Nigeria,geoname,@BlacqGadgets God | Barcelona | Golden State Warrior | Music | I tweet lyrics a lot | Adonitologist (Ass worshiper),@FirstLove04_ I go be shareholder ma fo
1346723758770442241,Edremit, Balƒ±kesir,1114145475437969408,Balƒ±kesir, T√ºrkiye, Balikesir Republic of Turkey,geoname,Milli Ve Dini!!! Degerlere Karsi, Duyarli... Toplumcu, Gercekci ve  Modernist...,@mustfsnmz @Canan_Kaftanci OTU De 40 senedir. Yurekli terorist NASIL olur. devlete nasil karsi gelinir. onu ogretti... https://t.co/0gTOfF27yk
1346723762960535553,Pennsylvania, USA,51235159,Pennsylvania, USA, Pennsylvania United States,geoname,Entrepreneur of Media and Technology. Top 50 iOS Developer, Dreamer, Inventor, and a passionate determined go-getter.,Hey @cnn how much cocaine did @secupp take this AM. Asking for a friend.  #MinorityLeaderMcConnell
1346723851040935936,Arkansas, USA,1315482609489764352,None, Arkansas United States,geoname,You don't know what cha got until it's gone...I'm a simple kind of man and patriot...,@Sassychickie Lol I know I'm sorry just to tempting  to get a good laugh.
1346723892962996224,Port Orange, FL,829767841339564039,New Smyrna Beach, FL,Port Orange Florida United States,geoname,Husband and father of two fine sons. Retired lawyer. USAF Vet. Big band/jazz/classic film aficionado. Wine lover. "I drink and I know things.",Barely.
1346724056532471811,Iraq,701757700624011264,kurdistan,  Republic of Iraq,geoname,journalist,y'mdaey y'yynaekhaet bgoeRyt? wtraekhaemhttps://t.co/e3zoH1EYX0
1346724165588496385,Malawi,103876629,Malawi,  Republic of Malawi,geoname,Tall | Dark | Slim | Handsome,@the_realJimmyNk @alwayswithyoumw Blackmailing
1346724199142838273,Baramula, Jammu And Kashmir, India,1316743116762742788,lal chowk, srinagar, State of Jammu and Kashmir Republic of India,geoname,The first independent news portal of jammu and kashmir. providing latest news from  #KASHMIR,50-year-old woman gang-raped, brutalised &amp; murdered inside a Hindu temple in Budaun, UP; Hindu priest, 2 disciples booked
1346724211751071744,Houston, TX,2884848005,None,Houston Texas United States,geoname,None,back like I never left https://t.co/hvBodTg96R
1346724241119604737,South Africa,149670415,Mafikeng / Midrand ,  Republic of South Africa,geoname,Extremely Driven Social-light. Communication Designer, 3D Printer, & Founder of PDT (Pilot.Did.This). @PilotDidThis,@Steve_S_Bosch  I'm still so confused but I'm just gonna ignore that like I didn't see shit
1346724262074171394,Irvine, CA,796875977137602560,Orange, CA,Irvine California United States,geoname,MTG/OSRS Content Creator. For Business Inquires DM me. YouTube/Twitch/Instagram/Deck Lists links in Bio! Hebrews 6:19,@nessameowmeow Woah! I need a new zero two for my car! Where did you get these?! :O
1346724266272669696,Tiruvallur, India,2617071512,Chennai, India,Tiruvallur State of Tamil Nadu Republic of India,geoname,District Co Convinor .Information Technology & Social Media CellBharathiya Janatha PartyThiruvallur - West . Cell : +91-8056256787,@PrasannaTamilan @SPVelumanicbe @AIADMKOfficial @mkstalin @Udhaystalin @Anbil_Mahesh https://t.co/VNTwYmU7o9
1346724333385879553,Ottawa, Ontario,542808888,Ottawa ,Ottawa Ontario Canada,geoname,I take photos and make music,My old money had me saving what I could.My new money got me saving on accident!-Romeo  #2021
1346724446627717122,Paradise, NV,92427125,SF Bay Area/ Las Vegas,Paradise Nevada United States,geoname,Silicon Valley based non techie with parents & friends who don't think I have a real job.  &  often. Been to all 50 states, every inhabited  continent,@traderneal Personally I thought it was pretty good albeit a bit overrated. It was basically the first buffet to ha... https://t.co/XJn5eQe1Qr
1346724517922689024,Milwaukee, WI,1107445518,Milwaukee, WI, Wisconsin United States,geoname,ux/ui, user growth + student success at a social learning startup. working towards educational equity for all.  i swear a lot. he/him #blacklivesmatter ,@BuchElisabeth @Redistrict rip Elisabeth
1346724534687203329,Noida, India,233087076,‡§®‡•ã‡§è‡§°‡§æ, ‡§≠‡§æ‡§∞‡§§,Greater Noida Uttar Pradesh Republic of India,geoname,R.CHANDRA SHEKHAR         suporter of RSS - BJP,https://t.co/T5IQxsSu2H
1346724551477125120,Texas, USA,515160435,Medina Valley, Texas, Texas United States,geoname,Divorced no one to tell me what to do! Living my best life & loving it!,#yesplease #myblessedlife #livingmybestlife #notgoingtosettle @ Medina Valley, San Antonio, Texas https://t.co/JDu3qnsoqI
1346724551493906432,Mesquita, Brasil,2455902894,Rio de Janeiro, Brasil, Rio de Janeiro Federative Republic of Brazil,geoname, | rj | ,"nao tive essa coragem de ir mamar o padre." KKKKKKKKKKKKKKK
1346724572440064000,Johor Bahru, Johor,557615527,Johor Bahru, Johor,Johor Bahru Johor Malaysia,geoname,just my random rant | Public Auditor | My tweet is my opinion based on the Act of freedom of speech, no other party shall be involved.,@ripezpz Last but not least, they can really be proud being SGans when they don't need our water supply anymore. Su... https://t.co/mq2pxDX1n8
1346724694066532352,Montclair, CA,1248167915242655745,None,Montclair California United States,geoname,Quarantine made me do it.,FaceTime chismeando con @SmileatMarco
1346724706653597702,Bengaluru, India,1259997708317687808,Shimoga Bengaluru, Karnataka, State of Karnataka Republic of India,geoname,engineer,saaku biddpp
1346724740204032000,Ohio, USA,16546076,Grand Rapids, MI USA, Ohio United States,geoname,Don't be a sheep,Wow. Just, wow.
1346724752803524608,Khatauli, India,1309048206202990594,None,Khatauli Uttar Pradesh Republic of India,geoname,I am a student,27#BBTrendMasterRubinaDilaik
1346724773787795457,Randburg, South Africa,3435148995,ENGINEERING. RETAIL. ,Randburg Gauteng Republic of South Africa,geoname,samm.mamabolo@gmail.com.,@ChepuTK Shame 14 unfollowed you 
1346724815718281216,Volta Redonda, Brasil,635744619,Volta Redonda, Brasil, Rio de Janeiro Federative Republic of Brazil,geoname,Flamengo.,@rubionegrao Parece? 
1346724840875700231,High Point, NC,172563993,North Carolina,High Point North Carolina United States,geoname,Just trying to live the dream,I wonder what it's like being a punk bitch?
1346724866054094848,Rio de Janeiro, Brasil,3302293396,None, Rio de Janeiro Federative Republic of Brazil,geoname,TUDO POSSO NAQUELE QUE ME FORTALECE  Mamae do Theo,Dei banho no Theo,lavei roupa e limpei a escada. Agora vou tentar dormir 
1346724928976916480,Putrajaya, Putrajaya Federal Territory,985806247,Johore, Malaysia,Putrajaya Putrajaya Malaysia,geoname,ALUMNI DEV PISBA232 UiTM Shah Alamhttp://Www.wasap.my/60187690936/peyekkrupkrap,Knk sik pdh ktk stress xdpt cuci mata hahahahahahahahahah
1346724937365647361,Tuxtla Guti√©rrez, Chiapas,115531127,Ciudad G√≥tica,Tuxtla Estado de Chiapas Mexico,geoname,Dicen que un atomo de nuestro cuerpo forma parte de alguna estrella, asi que puede que no me este yendo de casa, sino que este regresando.,Mad Mikkelsen es mejor actor que Jhonny Deep #ChangeMyMindMi crush del ano pasado fue Adam Driver. Ahora sera :Es... https://t.co/MEjyrtsO2L
1346724945724772352,California, USA,1267856124,650 Yay Area.  CALIFORN-I-A, California United States,geoname,The nicest asshole you'll ever meet  .....SZN. STAY SUCKAFREE!,Can't sleep!!!
1346724958320414721,Temple, TX,1138288725241282561,Your Mom,Temple Texas United States,geoname,None,Dude all I want is someone to snowboard and travel with... legit that's it I'll be happy.
1346725008668844032,Bengaluru, India,39469009,bengaluru, State of Karnataka Republic of India,geoname,Raaj,1015th Day of WASTE ENGINEERING @eat.raja @ Eat Raja https://t.co/XGX1CrIH0u
1346725079946817536,South Dublin, Ireland,19524268,Dublin, Leinster Ireland,geoname,Full time writer and teacher, editor, promoter #poet #novelist #Irish poetry #history.,@lemnsissay Lemn , I saw your wonderful BBC 4 Winter Walk last night and it was utterly sublime. Thanks for shining... https://t.co/C17aDbcYeh
1346725105146195969,Punjab, Pakistan,914051415487733760,Lyallpur, Pakistan, Punjab Province Islamic Republic of Pakistan,geoname,l like Pakistan army,@iqra_bae Walikum aslam good morning 
1346725126105137152,Atlanta, GA,1153169890754420738,Atlanta,GA USA,Atlanta Georgia United States,geoname,Digital for @reverendwarnock| @orgcorps2020 | @arenasummit alum | Team @corybooker| Started with @staceyabrams,We flipped the senate, elected the first black senator from Georgia @ReverendWarnock and the youngest senator... https://t.co/fRj779PksO
1346725134468575234,Florida, USA,934244381879668736,Florida, USA, Florida United States,geoname,74-year-old woman, married x55 years. 3 grown children, great daughter-in-law, sweet grand-daughter. Pro-choice liberal Democrat. ,Diet ginger ale, still on the edge of my seat about Ossoff's race in Georgia!
1346725277099966470,Kota Baru, Indonesia,2338700966,ùó¶ùóõùóúùó°ùó≤ùó≤‚ÄôùòÄ ùòÑùóºùóøùóπùó±, Provinsi Kalimantan Selatan Republic of Indonesia,geoname,syaini  2Min ( taeminho)  This is my alter acc. Sometimes I talk to myself  | if ur not OT5 don't follow | oh, I like Taehyung (V)  | Manga addict ,@mahoushojo__ @27082min I can't imagine myself dating him. Dikacangin mulu, di otaknya volly sm Hinata aja 
1346725310654337024,Los Angeles, CA,2565612182,None, California United States,geoname,rooting for everyone black.,I had too much to drink and devoured an edible. This is my idea of demon time.
1346725335799238656,Pecangan, Indonesia,550175606,Jepara, Indonesia,Pecangaan Provinsi Jawa Tengah Republic of Indonesia,geoname,None,Due duet ngelu ra nde det ngelu. Aneh
1346725360998690816,Houston, TX,2756505230,Houston, TX,Houston Texas United States,geoname,None,I really need to stop waking up in the middle of the night 
1346725407115124736,Mississippi, USA,20570827,Central Mississippi, Mississippi United States,geoname,5th gen MS Deltan, fabric artist, veteran, nurse, mother, kitten rescuer. Advocate for #cat_trap_neuter_return, #spay_neuter.,@EVargasTV All 4
1346725457438396416,Malawi,345561883,Lilongwe ,  Republic of Malawi,geoname,Im the type to walk through a fire to check the way it burns #iFollowback #iPoet #TEAMCHELSEA #TEAMHEAT #TEAMVANS #TeamJesus #Economist,@flellah Gelfil, and avoid acidic foods especially drinks. If it persists get Omeprazole
1346725461628485632,Rovigo, Veneto,377471176,None, Veneto Italian Republic,geoname,basta balle. E' davvero arrivato il momento di trovar la via,@JuventusFCWomen Dure, massicce e incazzate oggi.
1346725465852035072,Medchal, India,1301495030675251201,None, State of Telangana Republic of India,geoname,Everyday is new beginning..,#MonaliansWishKaagaz 
1346725486802722817,Cluses, France,297036485,Lewisham, London,Cluses Auvergne-Rhone-Alpes Republic of France,geoname,Roots from  - Born & Raised  #FrenchAlps -London ,Je suis en vacances depuis le 10 decembre quand je vais reprendre le taff lundi ca va piquer foooooort
1346725486790127617,Ayvalƒ±k, Balƒ±kesir,1256601439859888129,None,Ayvalik Balikesir Republic of Turkey,geoname,evlerimiz yikilmasin,@YavuzSubasi @anadoluajansi @melihbulu Reis Halktan kopuldu,herkes makaminin derdinde,bizde yuzbinlerce aile yapi k... https://t.co/vUIFOw8EGg
1346725511972724736,Kampala, Uganda,380805665,Kampala, Uganda,Kampala Central Region Republic of Uganda,geoname,Web & Mobile Apps Developer | Entrepreneur | Founder @fumbaaApp For All Cooking GAS (LPG) https://play.google.com/store/apps/details?id=com.philpx32.fumbaa,
1346725591668695041,San Miguel de Tucum√°n, Argentina,883032685471571971,None,San Miguel de Tucuman Tucuman Province Argentine Republic,geoname,Club Atletico Estudiantes ,@gussguss01 Cerra la cola y bajate del pony
1346725595871383553,Rivers, Nigeria,277249157,Lagos Nigeria , Rivers State Federal Republic of Nigeria,geoname,God# NwaNsukka Honey# Customer Service pro# Wisdom is better than Strength# the world belongs to the courageous# positive vibes# Politics#0702 532 0173,Two things you don't take for granted this year; Your Mental health and Physical health!
1346725637789274112,Philadelphia, PA,416540178,Philadelphia, PA,Philadelphia Pennsylvania United States,geoname,Born to Win. Eagles.Sixers.Phillies.#tOSU. I Watch Too Much Wrestling....Don't Judge Me Tho,Let's try this out til I run out of films https://t.co/rvFPNSgLfL
1346725658773368833,Dallas, TX,864231016411668480,Dallas, TX, Texas United States,geoname,OakCliff,America,@maryjaneee_22 Down
1346725675558989830,Staten Island, NY,1044010356258086912,Staten Island, NY, New York United States,geoname,|| All-League, All-State Offensive Tackle @ SHU #70#GoBigRed || 7184L,@justinamash @NoelFH95 The American Dream being reborn
1346725696513703937,Libya,901521476565815297,Libya,  Libya,geoname,Bodybuilder | med student | insta: moftaheljazwy,"knt bshtqlk wn wnt hn"
1346725763635142656,La Paz, Baja California Sur,461656241,None, Estado de Baja California Sur Mexico,geoname,,@CasAlexia2 Awww gracias preciosa 
1346725776222248960,Bor, Niƒüde,3128658555,None, Nigde Republic of Turkey,geoname,JAA,Siirin oznesi sairin hayatini siker.
1346725851719561216,Nong Muang, Thailand,62696363,None, Changwat Lop Buri Kingdom of Thailand,geoname, (Ren haBi Yao naShi niBi Yao naRen toChu Hui u) ngaan`dierk sasmekhruue`ngraangkhwaamrakcchaakthawolk aetaimekhymiiphuusakthii,eruue`yepuue`ymaak
1346725931407323137,Brooklyn, NY,22255182,Brooklyn, NY,Brooklyn New York United States,geoname,Believe half of what you see son and none of what you hear -I Heard It Through The Grapevine,THANK YOU @staceyabrams
1346725948175990791,Bang Phli, Thailand,158657267,Bangkok Thailand, Changwat Samut Prakan Kingdom of Thailand,geoname,Burapha University. degsUPPORTdeg~~~ bbrightvc brightwin (aibrthwin)  degCAg'E -PHOTOgRAPHYdeg ((#jaoasphotogrph)),ekhiiyngkhaangkanesm`thukchwngewlaa!  #phaaphprathabaicchkh`ngaibrthwin https://t.co/YazeFDsFMF
1346725990127591425,South Africa,793961370769358848,South Africa,  Republic of South Africa,geoname,,It's resolved https://t.co/oaV1ItKqXX
1346725998511972352,Purworejo, Indonesia,1238437782,Purworejo, Indonesia, Provinsi Jawa Tengah Republic of Indonesia,geoname,Kangen @BCAFE_PURWOREJO? Kepoin #EmbungIkanBawal Kalimassada Semawung FreeWIFI cc @PurworejoPeduli @PurworejoJepret @StandUpIndoPWR https://youtu.be/5Nd6SyfKCXk,@ADzonePURWOREJO @PurworejoUpdate @ogun7ruh @Familybakery7 @RinaSus81669843 @gndrgbercerita @Husaini70256404... https://t.co/gtCdGwb9NF
1346726006892052481,Mesa, AZ,943669633315475456,Phoenix, AZ,Mesa Arizona United States,geoname,Likes to fact check I'm a person with a disability wheelchair guy paralyzed motorcycle accident 1987 cooking golf exercise ASU Go Sun Devils! Please Vote! ,Parlar is the new MySpace!
1346726069823541249,S√£o Gon√ßalo, Brasil,1088965064353333248,üè≥Ô∏è‚Äçüåà, Rio de Janeiro Federative Republic of Brazil,geoname,@flamengo *@bbgata_gaby,eh fml,a Carolzinha menininha morreu mesmo
1346726103373799424,San Angelo, TX,330763269,San Angelo Texas,San Angelo Texas United States,geoname,fur mom wine enthusiast,I haven't felt like this in long time
1346726145304256512,Bahrain,3154932025,üáßüá≠,  Kingdom of Bahrain,geoname,Gemini  Art  Coffee ,`ndy mshklh wyh lns lly tby tkhfyD b'y Tryqh lly myhmhm dh nt Sl rbHt wl khsrt hm shy nfshm yqSSwnk blrby... https://t.co/yovHpT9nP8
1346726237583118336,Parma, Emilia Romagna,1222254874152271872,None, Emilia-Romagna Italian Republic,geoname,None,Oo yes my great leader mazi Nnamdi kanu and lpob. The herdsmen are evil people and terrorist.
1346726254381154304,Yucaipa, CA,946911867791749120,None,Yucaipa California United States,geoname,OU School of Meteorology '22 CA||OK Math and Economics minor! "Too often we enjoy the comfort of our own opinion without the discomfort of thought" -JFK ,Congratulations to the winners of the 2021 Georgia runoff election!
1346726266938920963,New Delhi, India,845178282752430081,New Delhi, India,New Delhi National Capital Territory of Delhi Republic of India,geoname,Anti Rape Activist/Fighting Against Gender Violence ||Motivational Speaker || Founder @pariforindia ||Animal lover ||Tweets are personal.,gaiNgrep ke dauraan jo nirdytaa kii gii shaayd raaksss bhii kaaNp jaataa,44 ghNtte tk gaiNgrep ke baad brbr triik'e se maarii gii mhilaa... https://t.co/HE8mBprohQ
1346726271129042949,Manila City, National Capital Region,1053886457343950849,PH üìå,Manila National Capital Region Republic of the Philippines,geoname,tweeting randomly // that's how multi stan is | neuro by heart * cardio in mind * writer (****)* //  follow @sheisytalks for encouraging words ,@claeledawn Loveyouuu 
1346726325676081154,Sandy Springs, GA,29134273,Atlanta,Sandy Springs Georgia United States,geoname,Sr Advisor Latinx Engagement @GreenpeaceUSA + Political Dir @ComediansResist. Fmr Spanish Content Dir @BernieSanders & @TomSteyer; @MiddleSeatCo; Navy Vet/,In a financialized, commodified society, giving people $2000 checks IS giving people health care.Thank you, once more, Bernie.
1346726367593975808,Baltimore, MD,985555616738545664,New Jersey, USA, Maryland United States,geoname,A Podcast about Men trying to understand the way Women think. It's for Mature audiences and Open Minded Adults.,Just posted a video @ Baltimore, Maryland https://t.co/1xWTF0KA8Y
1346726375995002881,Sydney, New South Wales,22111680,Sydney...she/her,Sydney State of New South Wales Commonwealth of Australia,geoname,One time I high fived @jimmyfallon. it was awesome. Enthusiast of Jonas Brothers, BTS, JoJo, Taylor Swift, McFly & musicals. @nickjambassador,@lilmissmel They were doing a story on Kim &amp; Kanye &amp; put in clips saying "dramatic reenactment" of Kim telling Brett she wants a divorce 
1346726409541136384,Saruhanlƒ±, Manisa,1332967602856058880,ƒ∞zmir, T√ºrkiye, Manisa Republic of Turkey,geoname,instagram / yagmur_cim_izmir. 05336859681,@Krdm33950697 
1346726417938198528,Ellicott City, MD,16569937,√úT: 39.29782,-76.860107,Ellicott City Maryland United States,geoname,DSM Edward Don & Co-Everything but the food!!  Gotta love the hospitality industry!,@rabin_janet @realDonaldTrump Go to sleep!
1346726464062779392,Seattle, WA,189425431,Everywhere you never been.,Seattle Washington United States,geoname,Landons mommy. I'm sorry to hear your situation has been worsening. Oh I caint complain, me, myself personally. #BlackLivesMatter,If its a seattle nigga you gotta feel him.
1346726468282241024,Saltillo, Coahuila de Zaragoza,1304122845346185217,Saltillo, Coahuila de Zaragoza,Saltillo Estado de Coahuila de Zaragoza Mexico,geoname,,@NataliaDHoran Jajajajaja te amo ya me mimi
1346726480839995399,Norwalk, CA,1235799956209799168,None,Norwalk California United States,geoname,None,feel like future yu aint even kno it
1346726497617289216,Fethiye, Muƒüla,727406497416777728,Ankara, T√ºrkiye, Mugla Republic of Turkey,geoname,#FENERBAHCE #ATATURK #VAR BIR HAYALIM ,Huzur dolu bi sabaha gunaydin. https://t.co/uZjnnD5g1w
1346726510238052354,East London, South Africa,75382558,South Africa,East London Eastern Cape Republic of South Africa,geoname,nothing to see here,Thanks bro 
1346726535378722817,Houston, TX,997110852502347776,None,Houston Texas United States,geoname,"Because I Have This Crazy Idea That My Purpose Is Bigger Than Me". BeyHive . Surgical Technologist Physician Assistant |DetHouston| Capricorn ,@Jazdageneral Oh lol
1346726615057903616,Middelburg, South Africa,702572799,Middelburg, South Africa,Middelburg Mpumalanga Republic of South Africa,geoname,Atheist,Don't be naive... ba tla go hurrdaThey will hurt 
1346726619264790529,Jacare√≠, Brasil,825576779905654788,Duque de Caxias, Brasil,Jacarei Sao Paulo Federative Republic of Brazil,geoname,@Flamenguista, Capricorniano,Amante da Vida ,amo Dogs (pintadinha, Max  , Zico & Miucha ) Guacha pra crlh, DIREITO  PESSOAS NAO ME SURPREENDEM MAS.,A cafe puro 8.90$#Frangoassado Deus me livreNunca mas vai ve um 1$ meu Tmnc
1346726623450595328,Gandhidham, India,128212909,Rajasthan, India,Gandhidham State of Gujarat Republic of India,geoname,Emotional,straightforward,fighter, no- nonsense  / ek dm deshii, Farmer | dhraatl pr kyaa ho rhaa hai vo likhtaa hu caahe kisii ko acchaa lge yaa buraa,@Samay2552 @Bullalegakhulla @16x2is8 @badliyajaat1 ye hii to jaatt k'aum hai
1346726627653410816,Preston, England,152682530,Preston, Lancs, England,Preston England United Kingdom of Great Britain and Northern Ireland,geoname,50  ex motorcycle racer,BMX'er, Bodyshop owner,Dad of two.., LFC, bikes,cars and beer lover!..quite small!  be reet! ,Someone banged into me in the bakery, smashing my pies &amp; pasties!....Serves me right for putting all my Greggs in... https://t.co/ufyjsCoH9N
1346726648650067969,Namibia,1333281316515811331,Namibia,  Republic of Namibia,geoname,an enemy shall never overtake my success ,@Shikonekeni_ Roll call
